Date,Open,High,Low,Close(t),Volume,SD20,Upper_Band,Lower_Band,S_Close(t-1),S_Close(t-2),S_Close(t-3),S_Close(t-5),S_Open(t-1),MA5,MA10,MA20,MA50,MA200,EMA10,EMA20,EMA50,EMA100,EMA200,MACD,MACD_EMA,ATR,ADX,CCI,ROC,RSI,William%R,SO%K,STD5,ForceIndex1,ForceIndex20,Date_col,Day,DayofWeek,DayofYear,Week,Is_month_end,Is_month_start,Is_quarter_end,Is_quarter_start,Is_year_end,Is_year_start,Is_leap_year,Year,Month,QQQ_Close,QQQ(t-1),QQQ(t-2),QQQ(t-5),QQQ_MA10,QQQ_MA20,QQQ_MA50,SnP_Close,SnP(t-1)),SnP(t-5),DJIA_Close,DJIA(t-1)),DJIA(t-5),Close_forcast
2019-10-16,142.49,142.95,141.3905,142.11,5835941.0,1.4898304389567743,145.21466087791362,139.25533912208653,143.0,142.04,142.76,139.67,142.54,142.20800000000003,141.538,142.23500000000007,139.08680000000007,137.60615000000004,142.09167517290297,142.09167517290297,142.09167517290297,142.09167517290297,142.09167517290297,0.3692741933561763,0.49384919388681037,2.3849120495048055,14.83980714312692,1333.3333333333335,0.29642176582681623,51.7651943151996,-57.582417582417406,42.417582417582594,0.008533824434113806,-5193987.48999992,-641953.5099999137,2019-10-16,16,2,289,42,0,0,0,0,0,0,0,2019,10,193.04,193.52,191.09,187.23,189.32100000000017,189.09700000000004,188.44999999999993,2989.6899,2995.6799,2919.3999,27001.9805,27024.8008,26346.0098,134.26
2019-10-17,135.0,136.0,132.91,134.26,15824614.0,2.3106104798242693,146.42072095964858,137.17827904035153,142.11,143.0,142.04,141.13,142.49,140.83400000000003,140.762,141.79950000000005,138.98980000000006,137.70140000000004,139.48111678193533,139.48111678193533,139.48111678193533,139.48111678193533,139.48111678193533,-0.2703668995928865,0.341005975190871,2.871704045968749,15.678740784215876,1333.3333333333335,-5.464019152232093,34.96187524924663,-90.65096952908591,9.349030470914089,0.026598756287395445,-124223219.90000036,-137832387.94000012,2019-10-17,17,3,290,42,0,0,0,0,0,0,0,2019,10,193.55,193.04,193.52,188.68,190.06900000000016,189.13250000000005,188.6359999999999,2997.95,2989.6899,2938.1299,27025.8809,27001.9805,26496.6699,134.09
2019-10-18,134.22,134.49,132.25,134.09,7177468.0,2.882206756891975,147.174413513784,135.6455864862161,134.26,142.11,143.0,142.76,135.0,139.10000000000005,139.872,141.41000000000005,138.86960000000008,137.80730000000003,137.68407785462355,137.68407785462355,137.68407785462355,137.68407785462355,137.68407785462355,-0.7819903553268261,0.11640670908733158,2.8265823283995535,16.601721871444642,1333.3333333333335,-6.2242114833205155,34.699187104015714,-87.81456953642382,12.185430463576186,0.024587889983022648,-1220169.5599999102,-55912475.71999994,2019-10-18,18,4,291,42,0,0,0,0,0,0,0,2019,10,191.69,193.55,193.04,191.11,190.35700000000014,189.17700000000005,188.7045999999999,2986.2,2997.95,2970.27,26770.1992,27025.8809,26816.5898,132.58
2019-10-21,132.61,133.1,130.9,132.58,6370639.0,3.4858019918400265,147.9071039836801,133.96389601632,134.09,134.26,142.11,142.04,134.22,137.20800000000006,139.002,140.93550000000005,138.79860000000005,137.88360000000003,135.98271856974904,135.98271856974904,135.98271856974904,135.98271856974904,135.98271856974904,-1.294379212607538,-0.16575047525164233,2.852540733513871,17.749618836543146,1333.3333333333335,-6.157984144960355,32.372516387045515,-87.64705882352935,12.352941176470642,0.024290721346970776,-9619664.889999943,-60457364.10999988,2019-10-21,21,0,294,43,0,0,0,0,0,0,0,2019,10,193.39,191.69,193.55,191.09,190.87200000000013,189.32150000000004,188.84259999999992,3006.72,2986.2,2966.1499,26827.6406,26770.1992,26787.3594,133.96
2019-10-22,132.55,134.05,131.61,133.96,4193653.0,3.8112637426173475,148.17202748523474,132.92697251476537,132.58,134.09,134.26,143.0,132.61,135.40000000000006,138.56,140.54950000000005,138.80440000000007,137.96265000000002,135.30847904649937,135.30847904649937,135.30847904649937,135.30847904649937,135.30847904649937,-1.570987243666707,-0.4467978289346553,2.8230735382628795,18.422929729297568,1333.3333333333335,-3.194103194103185,36.559208627461345,-77.49999999999997,22.500000000000025,0.025091420093182572,5787241.139999981,-32375001.159999996,2019-10-22,22,1,295,43,0,0,0,0,0,0,0,2019,10,191.85,193.39,191.69,193.52,191.51500000000016,189.51550000000003,188.99259999999992,2995.99,3006.72,2995.6799,26788.0996,26827.6406,27024.8008,134.38
2019-10-23,133.52,134.565,132.7,134.38,3626724.0,3.9959354019856548,148.10237080397138,132.11862919602873,133.96,132.58,134.09,142.11,132.55,133.85400000000007,138.031,140.11050000000006,138.77620000000007,138.03540000000004,134.9989860309996,134.9989860309996,134.9989860309996,134.9989860309996,134.9989860309996,-1.7362956754803918,-0.7046973982438026,2.7546397141012458,18.833632073926825,1333.3333333333335,-3.7874991050332873,37.82088290254874,-74.4117647058824,25.588235294117585,0.026028431904647337,1523224.0799999547,-31842636.720000003,2019-10-23,23,2,296,43,0,0,0,0,0,0,0,2019,10,192.22,191.85,193.39,193.04,192.01400000000012,189.62250000000003,189.0691999999999,3004.52,2995.99,2989.6899,26833.9492,26788.0996,27001.9805,134.07
2019-10-24,134.83,135.07,133.3,134.07,2619190.0,4.126591909733001,147.8896838194661,131.38331618053405,134.38,133.96,132.58,134.26,133.52,133.8160000000001,137.325,139.63650000000007,138.83260000000007,138.10230000000004,134.6893240206664,134.6893240206664,134.6893240206664,134.6893240206664,134.6893240206664,-1.8707533280354767,-0.9379085842021375,2.6843083059511557,18.99919910013546,1333.3333333333333,-5.002479982994404,37.23231605514208,-76.69117647058832,23.308823529411683,0.00793059827786692,-811948.900000006,-24829921.200000048,2019-10-24,24,3,297,43,0,0,0,0,0,0,0,2019,10,194.09,192.22,191.85,193.55,192.55500000000012,189.85800000000003,189.2957999999999,3010.29,3004.52,2997.95,26805.5293,26833.9492,27025.8809,135.44
2019-10-25,134.12,135.93,134.1,135.44,2577995.0,4.136677124405429,147.5198542488109,130.9731457511892,134.07,134.38,133.96,134.09,134.83,134.08600000000007,136.59300000000002,139.24650000000005,138.90300000000005,138.17055000000002,134.93954934711093,134.93954934711093,134.93954934711093,134.93954934711093,134.93954934711093,-1.8454907671822127,-1.1194250207981526,2.62542914124036,18.783294068147296,1333.3333333333333,-5.1274866909498416,41.560578603483094,-66.61764705882356,33.38235294117642,0.009137008219007038,3531853.1500000115,-20108361.00000003,2019-10-25,25,4,298,43,0,0,0,0,0,0,0,2019,10,195.64,194.09,192.22,191.69,193.00800000000012,190.28850000000003,189.55759999999992,3022.55,3010.29,2986.2,26958.0605,26805.5293,26770.1992,135.97
2019-10-28,136.0,136.63,135.445,135.97,3225692.0,3.9288948492982527,146.63178969859655,130.91621030140357,135.44,134.07,134.38,132.58,134.12,134.76400000000007,135.98600000000002,138.77400000000006,138.94720000000004,138.24310000000003,135.28303289807397,135.28303289807397,135.28303289807397,135.28303289807397,135.28303289807397,-1.7623877264318821,-1.2480175619248985,2.5228984882946195,18.283827499884755,1333.3333333333333,-4.273444100253445,43.19258737198731,-62.720588235294144,37.27941176470585,0.005350473855929182,1709616.7600000037,-30482789.399999965,2019-10-28,28,0,301,44,0,0,0,0,0,0,0,2019,10,197.57,195.64,194.09,193.39,193.65600000000015,190.72650000000004,189.7993999999999,3039.4199,3022.55,3006.72,27090.7207,26958.0605,26827.6406,133.82
2019-10-29,135.42,135.57,133.44,133.82,4158483.0,3.900849570083586,146.08369914016723,130.4803008598329,135.97,135.44,134.07,133.96,136.0,134.73600000000005,135.068,138.28200000000007,138.92280000000005,138.31025000000002,134.79535526538265,134.79535526538265,134.79535526538265,134.79535526538265,134.79535526538265,-1.8487042873661608,-1.368154907013151,2.5234057391307183,18.451211758194,1333.3333333333335,-6.4195804195804245,38.4960283971991,-78.52941176470596,21.470588235294034,0.009807740474542099,-8940738.450000023,-40919472.72000001,2019-10-29,29,1,302,44,0,0,0,0,0,0,0,2019,10,196.04,197.57,195.64,191.85,193.9080000000002,191.16500000000002,189.95159999999993,3036.8899,3039.4199,2995.99,27071.4609,27090.7207,26788.0996,135.25
2019-10-30,133.83,135.28,133.2,135.25,2252680.0,3.870405935462511,145.7008118709251,130.21918812907504,133.82,135.97,135.44,134.38,135.42,134.91000000000005,134.382,137.96000000000006,138.96780000000004,138.37785000000002,134.9469035102551,134.9469035102551,134.9469035102551,134.9469035102551,134.9469035102551,-1.7811892933702893,-1.4507617842845786,2.4917339006213823,18.678919692867414,1333.3333333333335,-4.827246499190776,42.940126384016914,-68.01470588235297,31.98529411764703,0.010957862231593493,3221332.4000000153,-14507259.199999996,2019-10-30,30,2,303,44,0,0,0,0,0,0,0,2019,10,196.99,196.04,197.57,192.22,194.30300000000017,191.81200000000004,190.15199999999993,3046.77,3036.8899,3004.52,27186.6895,27071.4609,26833.9492,133.73
2019-10-31,135.11,135.25,133.23,133.73,3410851.0,3.8565999137500837,145.25869982750024,129.83230017249988,135.25,133.82,135.97,134.07,133.83,134.84200000000004,134.329,137.54550000000006,138.95740000000004,138.43840000000003,134.54126900683676,134.54126900683676,134.54126900683676,134.54126900683676,134.54126900683676,-1.829248038320884,-1.5264590350918397,2.4580386220055703,18.89036277506415,1333.3333333333335,-0.3947564427230755,39.659757015943256,-77.9251170046803,22.0748829953197,0.012341562223531926,-5184493.520000035,-28275954.79000007,2019-10-31,31,3,304,44,1,0,0,0,0,0,0,2019,10,197.08,196.99,196.04,194.09,194.65600000000015,192.3625,190.32099999999994,3037.5601,3046.77,3010.29,27046.2305,27186.6895,26805.5293,135.53
2019-11-01,134.5,135.56,134.09,135.53,3088769.0,3.6579471881889263,144.48839437637793,129.85660562362222,133.73,135.25,133.82,135.44,135.11,134.86000000000004,134.473,137.17250000000007,138.98160000000004,138.50510000000003,134.87084600455785,134.87084600455785,134.87084600455785,134.87084600455785,134.87084600455785,-1.702465026093364,-1.5616602332921445,2.4131787204337445,18.923877545964103,1333.3333333333333,1.07390558580058,45.016551725363,-63.88455538221531,36.115444617784696,0.01310345749863631,5559784.200000036,-23042216.740000024,2019-11-01,1,4,305,44,0,1,0,0,0,0,0,2019,11,198.87,197.08,196.99,195.64,195.37400000000017,192.86550000000003,190.53799999999995,3066.9099,3037.5601,3022.55,27347.3594,27046.2305,26958.0605,137.67
2019-11-04,136.24,137.74,136.23,137.67,3333510.0,3.5314774006893046,144.0549548013787,129.92904519862145,135.53,133.73,135.25,135.97,134.5,135.20000000000002,134.98200000000003,136.99200000000008,139.14360000000005,138.57435000000004,135.8038973363719,135.8038973363719,135.8038973363719,135.8038973363719,135.8038973363719,-1.4130200447060304,-1.5319321955749219,2.3986659546884774,17.895383778480806,1333.3333333333335,3.839191431588455,50.628344086520606,-43.81742738589219,56.18257261410782,0.014898050622037704,7133711.399999955,-12033971.100000046,2019-11-04,4,0,308,45,0,0,0,0,0,0,0,2019,11,200.1,198.87,197.08,197.57,196.04500000000016,193.45850000000002,190.89859999999996,3078.27,3066.9099,3039.4199,27462.1094,27347.3594,27090.7207,137.89
2019-11-05,137.8,138.76,137.63,137.89,3012926.0,3.5230308049507486,144.01356160990156,129.92143839009856,137.67,135.53,133.73,133.82,136.24,136.01400000000004,135.37500000000006,136.96750000000006,139.30160000000006,138.65120000000002,136.49926489091462,136.49926489091462,136.49926489091462,136.49926489091462,136.49926489091462,-1.1525942610583684,-1.4560646086716114,2.3080469579250145,16.73393681694769,1333.3333333333333,2.933711555688249,51.1799908416259,-11.068702290076414,88.93129770992358,0.011067688512895371,662843.7199999966,-1476333.7400000275,2019-11-05,5,1,309,45,0,0,0,0,0,0,0,2019,11,200.21,200.1,198.87,196.04,196.88100000000017,194.198,191.20639999999995,3074.6201,3078.27,3036.8899,27492.6309,27462.1094,27071.4609,138.78
2019-11-06,138.0,138.78,137.55,138.78,4476362.0,3.492587790404783,143.90817558080963,129.9378244191905,137.89,137.67,135.53,135.25,137.8,136.72000000000003,135.81500000000005,136.92300000000006,139.45380000000006,138.68065,137.2595099272764,137.2595099272764,137.2595099272764,137.2595099272764,137.2595099272764,-0.8644248378465704,-1.3377366545066032,2.2310436037875125,15.619491906937546,1333.3333333333335,3.274296770352735,53.4461528769452,-0.0,100.0,0.010783570793289272,3983962.1800000663,-3983962.1799999387,2019-11-06,6,2,310,45,0,0,0,0,0,0,0,2019,11,199.76,200.21,200.1,196.99,197.63500000000016,194.8245,191.51299999999995,3076.78,3074.6201,3046.77,27492.5605,27492.6309,27186.6895,137.69
2019-11-07,137.87,139.135,137.58,137.69,4073697.0,3.3565566629478067,143.46411332589568,130.03788667410444,138.78,137.89,137.67,133.73,138.0,137.51200000000003,136.17700000000008,136.75100000000006,139.55240000000003,138.70645000000002,137.4030066181843,137.4030066181843,137.4030066181843,137.4030066181843,137.4030066181843,-0.7157516448704087,-1.2133396525793643,2.182754774945546,14.747946734665186,1333.3333333333333,2.70008204669203,50.36279388295867,-17.547055251973234,82.45294474802677,0.00952566279049853,-4440329.7300000135,-14013517.67999999,2019-11-07,7,3,311,45,0,0,0,0,0,0,0,2019,11,200.43,199.76,200.21,197.08,198.26900000000018,195.412,191.81979999999996,3085.1799,3076.78,3037.5601,27674.8008,27492.5605,27046.2305,137.61
2019-11-08,137.58,137.61,136.16,137.61,2278446.0,3.055337478129637,142.60417495625938,130.3828250437408,137.69,138.78,137.89,135.53,137.87,137.92800000000005,136.39400000000006,136.4935000000001,139.60700000000003,138.72465000000003,137.47200441212289,137.47200441212289,137.47200441212289,137.47200441212289,137.47200441212289,-0.5974948510016702,-1.0901706922638255,2.1361294338780072,14.119537474315162,1333.3333333333335,1.602185469580638,50.134186743403966,-20.26578073089677,79.73421926910324,0.008776137862270491,-182275.67999996373,-11733996.899999948,2019-11-08,8,4,312,45,0,0,0,0,0,0,0,2019,11,201.23,200.43,199.76,198.87,198.82800000000015,195.918,192.08599999999996,3093.0801,3085.1799,3066.9099,27681.2402,27674.8008,27347.3594,135.47
2019-11-11,137.2,137.2,135.0,135.47,2568022.0,2.767216918437128,141.69943383687433,130.63056616312582,137.61,137.69,138.78,137.67,137.58,137.48800000000006,136.34400000000005,136.16500000000008,139.60580000000004,138.73065000000003,136.80466960808195,136.80466960808195,136.80466960808195,136.80466960808195,136.80466960808195,-0.6687467093551902,-1.0058858956820984,2.1699773314581505,14.03185224020643,1333.3333333333333,-0.367728175332794,44.33655779326989,-56.954156954156815,43.04584304584319,0.008621198945710564,-5495567.080000038,-16871904.539999984,2019-11-11,11,0,315,46,0,0,0,0,0,0,0,2019,11,200.96,201.23,200.43,200.1,199.16700000000017,196.4115,192.35579999999993,3087.01,3093.0801,3078.27,27691.4902,27681.2402,27462.1094,135.59
2019-11-12,135.87,136.66,135.02,135.59,3046496.0,2.2520200873182143,140.2985401746365,131.29045982536365,135.47,137.61,137.69,137.89,137.2,137.02800000000008,136.52100000000004,135.79450000000008,139.63560000000004,138.73695,136.39977973872132,136.39977973872132,136.39977973872132,136.39977973872132,136.39977973872132,-0.707377120209344,-0.9461841405875475,2.132121807782567,13.950430237105463,1333.3333333333335,1.322672246301009,44.722583596308766,-59.73041280539151,40.26958719460849,0.00852775503179432,365579.5200000139,-22574535.35999999,2019-11-12,12,1,316,46,0,0,0,0,0,0,0,2019,11,201.54,200.96,201.23,200.21,199.71700000000018,196.81249999999997,192.67359999999996,3091.8401,3087.01,3074.6201,27691.4902,27691.4902,27492.6309,134.48
2019-11-13,135.39,135.58,133.845,134.48,3060919.0,1.7059002870842908,138.82480057416865,132.0011994258315,135.59,135.47,137.61,138.78,135.87,136.16800000000006,136.44400000000005,135.41300000000007,139.59880000000004,138.73745,135.75985315914755,135.75985315914755,135.75985315914755,135.75985315914755,135.75985315914755,-0.8181288424431159,-0.9205730809586613,2.104470250083813,14.371275124686264,1333.3333333333333,-0.5693160813308763,41.83264872452474,-78.4330244313395,21.5669755686605,0.006631217852087151,-3397620.0900000418,-23354811.970000073,2019-11-13,13,2,317,46,0,0,0,0,0,0,0,2019,11,201.59,201.54,200.96,199.76,200.1770000000002,197.23999999999995,192.9388,3094.04,3091.8401,3076.78,27783.5898,27691.4902,27492.5605,134.0
2019-11-14,134.13,134.33,133.33,134.0,4231231.0,1.7161094309361369,138.83221886187238,131.9677811381278,134.48,135.59,135.47,137.69,135.39,135.43000000000006,136.47100000000006,135.4000000000001,139.45940000000002,138.73535,135.17323543943172,135.17323543943172,135.17323543943172,135.17323543943172,135.17323543943172,-0.9338673274702103,-0.9232319302609712,2.036293803649253,14.96986745073221,1333.3333333333333,0.20189934943543728,40.61055903285345,-86.520640269587,13.479359730412993,0.006650121149434544,-2030990.8799999568,-1100120.0599999614,2019-11-14,14,3,318,46,0,0,0,0,0,0,0,2019,11,201.43,201.59,201.54,200.43,200.61200000000022,197.63399999999996,193.13179999999997,3096.6299,3094.04,3085.1799,27781.9609,27783.5898,27674.8008,134.4
2019-11-15,134.39,135.12,134.03,134.4,3262504.0,1.7050188299625595,138.8255376599252,132.00546234007498,134.0,134.48,135.59,137.61,134.13,134.78800000000007,136.35800000000006,135.4155000000001,139.336,138.73685000000003,134.91549029295447,134.91549029295447,134.91549029295447,134.91549029295447,134.91549029295447,-0.9819944330900796,-0.934984430826793,1.9708442462457352,15.029728871948182,1333.3333333333335,-0.8337637423448649,42.12782242139877,-79.78096040438051,20.21903959561949,0.007440480187456046,1305001.6000000185,1011376.2400000074,2019-11-15,15,4,319,46,0,0,0,0,0,0,0,2019,11,202.91,201.43,201.59,201.23,201.01600000000022,198.19499999999996,193.35819999999995,3120.46,3096.6299,3093.0801,28004.8906,27781.9609,27681.2402,134.31
2019-11-18,134.3,134.48,133.23,134.31,3210383.0,1.5938553061186795,138.68971061223746,132.31428938776273,134.4,134.0,134.48,135.47,134.39,134.55600000000004,136.02200000000005,135.5020000000001,139.17020000000002,138.73245000000006,134.713660195303,134.713660195303,134.713660195303,134.713660195303,134.713660195303,-1.0156895223011873,-0.9511254491216719,1.919355371513897,15.434739173444921,1333.3333333333333,-2.4406188712137613,41.868638663189635,-81.29738837405202,18.70261162594799,0.004337787796681588,-288934.470000011,5553962.589999967,2019-11-18,18,0,322,47,0,0,0,0,0,0,0,2019,11,203.07,202.91,201.43,200.96,201.31300000000024,198.67899999999997,193.59579999999994,3122.03,3120.46,3087.01,28036.2207,28004.8906,27691.4902,134.52
2019-11-19,134.88,135.38,134.46,134.52,2995004.0,1.5700821299337824,138.67016425986765,132.38983574013253,134.31,134.4,134.0,135.59,134.3,134.34200000000004,135.68500000000003,135.5300000000001,138.95960000000002,138.72730000000004,134.6491067968687,134.6491067968687,134.6491067968687,134.6491067968687,134.6491067968687,-1.0137618625970788,-0.9636527318167534,1.8586871306914752,15.24382160303285,1333.3333333333333,-2.44397708318223,42.75364841062906,-78.15410668924606,21.84589331075394,0.004448395068165143,628950.8400000238,1677202.2400000067,2019-11-19,19,1,323,47,0,0,0,0,0,0,0,2019,11,203.37,203.07,202.91,201.54,201.62900000000022,199.255,193.85039999999998,3120.1799,3122.03,3091.8401,27934.0195,28036.2207,27691.4902,133.2
2019-11-20,134.06,134.4614,132.75,133.2,4138165.0,1.6363434847245772,138.74368696944921,132.1983130305509,134.52,134.31,134.4,134.48,134.88,134.086,135.12700000000004,135.47100000000006,138.75160000000002,138.71170000000006,134.16607119791246,134.16607119791246,134.16607119791246,134.16607119791246,134.16607119791246,-1.1059978914602766,-0.992121763745458,1.8523523356420848,15.805617124346103,1333.3333333333335,-4.020752269779517,38.75924278853603,-92.95223179326564,7.047768206734366,0.005068795911026929,-5462377.800000089,-4883034.700000028,2019-11-20,20,2,324,47,0,0,0,0,0,0,0,2019,11,202.15,203.37,203.07,201.59,201.86800000000022,199.75150000000002,194.04479999999995,3108.46,3120.1799,3094.04,27821.0898,27934.0195,27783.5898,133.84
2019-11-21,133.4,134.17,132.98,133.84,3322158.0,1.647478056718509,138.7544561134371,132.16454388656305,133.2,134.52,134.31,134.0,134.06,134.05400000000003,134.74200000000002,135.45950000000008,138.556,138.71495000000007,134.0573807986083,134.0573807986083,134.0573807986083,134.0573807986083,134.0573807986083,-1.11460449080937,-1.0166183091582406,1.8050414545247928,16.327284394136978,1333.3333333333335,-2.7961362480935392,41.607797503151865,-82.92873923257628,17.071260767423727,0.005721090011725648,2126181.120000049,-764096.339999966,2019-11-21,21,3,325,47,0,0,0,0,0,0,0,2019,11,201.7,202.15,203.37,201.43,201.99500000000023,200.132,194.21419999999998,3103.54,3108.46,3096.6299,27766.2891,27821.0898,27781.9609,134.34
2019-11-22,134.19,134.65,133.59,134.34,3297397.0,1.6664158670949594,138.73733173418998,132.07166826581016,133.84,133.2,134.52,134.4,133.4,134.04200000000003,134.41500000000002,135.40450000000007,138.3694,138.71810000000008,134.1515871990722,134.1515871990722,134.1515871990722,134.1515871990722,134.1515871990722,-1.0687594676120966,-1.027046540849012,1.7518242077730222,16.484775627082545,1333.3333333333335,-2.376280793546988,43.80688171378619,-75.09788566953789,24.90211433046211,0.005835137526262634,1648698.5,-3627136.699999981,2019-11-22,22,4,326,47,0,0,0,0,0,0,0,2019,11,201.83,201.7,202.15,202.91,202.05500000000023,200.44150000000002,194.39999999999998,3110.29,3103.54,3120.46,27875.6191,27766.2891,28004.8906,135.97
2019-11-25,134.47,136.0,134.35,135.97,2590146.0,1.6664158670949594,138.73733173418998,132.07166826581016,134.34,133.84,133.2,134.31,134.19,134.37400000000002,134.465,135.40450000000007,138.23920000000004,138.72800000000007,134.75772479938146,134.75772479938146,134.75772479938146,134.75772479938146,134.75772479938146,-0.8906329170431775,-0.9997638160878451,1.7452653357892347,15.774142932959979,1333.3333333333335,0.3690854063630324,50.36897675591173,-49.56930305403284,50.43069694596717,0.007939130710388511,4221937.979999988,0.0,2019-11-25,25,0,329,48,0,0,0,0,0,0,0,2019,11,204.22,201.83,201.7,203.07,202.38100000000023,200.774,194.65079999999995,3133.6399,3110.29,3122.03,28066.4707,27875.6191,28036.2207,135.09
2019-11-26,136.15,136.15,134.77,135.09,3806859.0,1.6265805269112525,138.72116105382258,132.21483894617757,135.97,134.34,133.84,134.52,134.47,134.48800000000003,134.41500000000002,135.46800000000007,138.09700000000004,138.72320000000008,134.86848319958767,134.86848319958767,134.86848319958767,134.86848319958767,134.86848319958767,-0.8111248456054909,-0.9620360219913744,1.7191749546614319,15.023217302608558,1333.3333333333333,-0.368758758020503,47.166591154669774,-63.35160532498032,36.64839467501969,0.008924458082330404,-3350035.9199999827,4834710.930000039,2019-11-26,26,1,330,48,0,0,0,0,0,0,0,2019,11,204.61,204.22,201.83,203.37,202.68800000000024,201.20250000000001,194.89099999999996,3140.52,3133.6399,3120.1799,28121.6797,28066.4707,27934.0195,133.77
2019-11-27,135.35,135.71,133.62,133.77,3280699.0,1.670103684143609,138.7342073682873,132.05379263171284,135.09,135.97,134.34,133.2,136.15,134.60200000000003,134.344,135.39400000000006,137.92800000000005,138.70445000000007,134.50232213305844,134.50232213305844,134.50232213305844,134.50232213305844,134.50232213305844,-0.8448877543582398,-0.9386063684647475,1.7456624578999012,14.934344027677104,1333.3333333333335,-0.5279595478881466,42.773582446901386,-79.0123456790122,20.987654320987804,0.00891206942101186,-4330522.679999977,-4855434.519999966,2019-11-27,27,2,331,48,0,0,0,0,0,0,0,2019,11,206.04,204.61,204.22,202.15,203.13300000000024,201.65500000000003,195.16139999999996,3153.6299,3140.52,3108.46,28164.0,28121.6797,27821.0898,134.45
2019-11-29,133.6,134.52,133.03,134.45,1825255.0,1.6398331108925457,138.70966622178514,132.15033377821499,133.77,135.09,135.97,133.84,135.35,134.72400000000005,134.389,135.43000000000006,137.75760000000002,138.69430000000008,134.48488142203897,134.48488142203897,134.48488142203897,134.48488142203897,134.48488142203897,-0.8074668110236871,-0.9123784569765355,1.7274008537641945,15.143272081909418,1333.3333333333333,0.33582089552237954,45.585249435060675,-61.79775280898892,38.20224719101108,0.008943504069827931,1241173.3999999606,1314183.599999998,2019-11-29,29,4,333,48,0,0,0,0,0,0,0,2019,11,205.1,206.04,204.61,201.7,203.50000000000026,202.05600000000004,195.40659999999997,3140.98,3153.6299,3103.54,28051.4102,28164.0,27766.2891,132.91
2019-12-02,134.45,134.5,132.48,132.91,3066813.0,1.733405227928865,138.76581045585777,131.8321895441423,134.45,133.77,135.09,134.34,133.6,134.43800000000005,134.24,135.29900000000004,137.57820000000004,138.6687000000001,133.95992094802597,133.95992094802597,133.95992094802597,133.95992094802597,133.95992094802597,-0.8917955099949211,-0.9082618675802127,1.7483007927810383,15.60338072653121,1333.3333333333335,-1.108630952380959,40.7073118583315,-89.71291866028695,10.287081339713065,0.010242697617122284,-4722892.019999975,-8035050.060000014,2019-12-02,2,0,336,49,0,0,0,0,0,0,0,2019,12,203.0,205.1,206.04,201.83,203.50900000000027,202.26250000000005,195.65059999999997,3113.8701,3140.98,3110.29,27783.0391,28051.4102,27875.6191,132.12
2019-12-03,132.0,132.44,130.689,132.12,3708102.0,1.7775419900290452,138.57658398005813,131.46641601994193,132.91,134.45,133.77,135.97,134.45,133.66800000000003,134.02100000000002,135.02150000000003,137.37920000000003,138.63580000000007,133.34661396535066,133.34661396535066,133.34661396535066,133.34661396535066,133.34661396535066,-1.0107220347160535,-0.9287539010073809,1.7820650218681071,16.79923835284446,1333.3333333333333,-1.63055617601072,38.435188176318185,-73.79600805713224,26.20399194286776,0.006454068998871724,-2929400.5799999703,-20579966.09999994,2019-12-03,3,1,337,49,0,0,0,0,0,0,0,2019,12,201.41,203.0,205.1,204.22,203.34300000000027,202.32800000000003,195.86879999999996,3093.2,3113.8701,3133.6399,27502.8105,27783.0391,28066.4707,131.99
2019-12-04,132.86,133.68,131.96,131.99,3530028.0,1.765974533404218,138.25844906680848,131.1945509331916,132.12,132.91,134.45,135.09,132.0,133.04800000000003,133.768,134.72650000000004,137.18540000000002,138.60575000000009,132.89440931023378,132.89440931023378,132.89440931023378,132.89440931023378,132.89440931023378,-1.1027502573925005,-0.9635531722844048,1.7776318060203853,17.03223012461624,1333.3333333333335,-1.8807612250966406,38.05873167690105,-76.17652444607191,23.82347555392809,0.00675219194295971,-458903.63999998395,-20827165.19999992,2019-12-04,4,2,338,49,0,0,0,0,0,0,0,2019,12,202.43,201.41,203.0,204.61,203.2490000000003,202.43900000000002,196.158,3112.76,3093.2,3140.52,27649.7793,27502.8105,28121.6797,131.91
2019-12-05,132.99,133.24,131.6264,131.91,3595312.0,1.595992019502764,137.57498403900556,131.19101596099452,131.99,132.12,132.91,133.77,132.86,132.67600000000002,133.639,134.38300000000004,136.96040000000002,138.57610000000008,132.5662728734892,132.5662728734892,132.5662728734892,132.5662728734892,132.5662728734892,-1.1686669531374037,-1.0045759284550047,1.765915248447502,17.3981117346779,1333.3333333333335,-0.9684684684684626,37.81328255328227,-77.6414576084966,22.358542391503402,0.006225622602542894,-287624.96000004496,-24699793.440000016,2019-12-05,5,3,339,49,0,0,0,0,0,0,0,2019,12,202.83,202.43,201.41,206.04,203.3170000000003,202.59250000000003,196.41299999999998,3117.4299,3112.76,3153.6299,27677.7891,27649.7793,28164.0,133.22
2019-12-06,132.75,133.89,132.7,133.22,3437438.0,1.4107462564191866,136.9809925128384,131.33800748716166,131.91,131.99,132.12,134.45,132.99,132.43,133.57700000000003,134.15950000000004,136.75380000000004,138.5459500000001,132.78418191565947,132.78418191565947,132.78418191565947,132.78418191565947,132.78418191565947,-1.1024915215627686,-1.0241590470765576,1.781207016415537,17.28336740003044,1333.3333333333335,-0.46323968918111513,44.16353620164783,-53.653177073796,46.34682292620399,0.007906960935706737,4503043.780000008,-15365347.859999996,2019-12-06,6,4,340,49,0,0,0,0,0,0,0,2019,12,205.0,202.83,202.43,205.1,203.64700000000028,202.82100000000003,196.7254,3145.9099,3117.4299,3140.98,28015.0605,27677.7891,28051.4102,133.92
2019-12-09,133.35,134.59,133.26,133.92,2968310.0,1.1535870829267765,136.28217416585358,131.66782583414647,133.22,131.91,131.99,132.91,132.75,132.632,133.53500000000003,133.97500000000002,136.56740000000002,138.51825000000008,133.162787943773,133.162787943773,133.162787943773,133.162787943773,133.162787943773,-0.9822402116787714,-1.0157752799970003,1.7518350866715704,16.705637011831374,1333.3333333333333,-0.3126395712371713,47.262553262771945,-40.83501190258218,59.16498809741781,0.006147974320665308,2077816.9999999662,-10953063.900000077,2019-12-09,9,0,343,50,0,0,0,0,0,0,0,2019,12,204.07,205.0,202.83,203.0,203.87100000000027,202.96300000000002,197.06619999999998,3135.96,3145.9099,3113.8701,27909.5996,28015.0605,27783.0391,133.91
2019-12-10,133.92,134.84,133.56,133.91,3478362.0,1.0986120430130975,136.0942240860262,131.69977591397384,133.92,133.22,131.91,132.12,133.35,132.99,133.32900000000004,133.89700000000002,136.33720000000002,138.48920000000007,133.411858629182,133.411858629182,133.411858629182,133.411858629182,133.411858629182,-0.8776303226052278,-0.9881462885186459,1.718132580480744,16.001937693213033,1333.3333333333333,-1.515040082371113,47.222231527802535,-41.01812854788507,58.98187145211493,0.00477004790650512,-34783.61999996837,-5426244.720000008,2019-12-10,10,1,344,50,0,0,0,0,0,0,0,2019,12,203.9,204.07,205.0,201.41,203.83900000000028,203.11000000000004,197.368,3132.52,3135.96,3093.2,27881.7207,27909.5996,27502.8105,133.76
2019-12-11,134.11,134.51,133.67,133.76,3698494.0,1.0238496754385018,135.85319935087702,131.75780064912303,133.91,133.92,133.22,131.99,133.92,133.344,133.19600000000005,133.80550000000002,136.13920000000005,138.46215000000007,133.527905752788,133.527905752788,133.527905752788,133.527905752788,133.527905752788,-0.7976353346119254,-0.9500440977373018,1.6554088247321197,15.348502611638862,1333.3333333333333,-0.9845288326301077,46.58028316197182,-43.76487822743104,56.23512177256897,0.004796689434221366,-554774.100000021,-6768244.020000046,2019-12-11,11,2,345,50,0,0,0,0,0,0,0,2019,12,204.98,203.9,204.07,202.43,203.87600000000026,203.282,197.7222,3141.6299,3132.52,3112.76,27911.3008,27881.7207,27649.7793,135.32
2019-12-12,133.7,135.6604,133.66,135.32,4824103.0,1.0691997745489479,135.98589954909792,131.70910045090213,133.76,133.91,133.92,131.91,134.11,134.026,133.35100000000006,133.84750000000003,136.01180000000005,138.44810000000007,134.12527050185867,134.12527050185867,134.12527050185867,134.12527050185867,134.12527050185867,-0.6014268929122011,-0.8803206567722818,1.6800510515369693,14.546305212452493,1333.3333333333335,1.1587052403378806,53.638980939777056,-15.19868156015401,84.80131843984599,0.005742259309284599,7525600.680000011,4052246.5200000163,2019-12-12,12,3,346,50,0,0,0,0,0,0,0,2019,12,206.51,204.98,203.9,202.83,203.92300000000023,203.52800000000002,198.1714,3168.5701,3141.6299,3117.4299,28132.0508,27911.3008,27677.7891,134.21
2019-12-13,134.75,135.5,134.01,134.21,2534970.0,1.0718041847870807,136.0016083695742,131.71439163042587,135.32,133.76,133.91,133.22,133.7,134.224,133.32700000000006,133.85800000000003,135.85560000000004,138.42315000000005,134.15351366790577,134.15351366790577,134.15351366790577,134.15351366790577,134.15351366790577,-0.5293954711484616,-0.8101356196475178,1.6664759764271864,13.80140762749372,1333.3333333333333,-0.1785050204536859,48.70724685270871,-35.524629188793135,64.47537081120687,0.007430758887256805,-2813816.6999999625,532343.7000000202,2019-12-13,13,4,347,50,0,0,0,0,0,0,0,2019,12,207.19,206.51,204.98,205.0,204.13200000000023,203.816,198.59380000000002,3168.8,3168.5701,3145.9099,28135.3809,28132.0508,28015.0605,134.13
2019-12-16,134.94,135.45,133.85,134.13,3049224.0,1.0663043655545936,135.97710873110924,131.71189126889084,134.21,135.32,133.76,133.92,134.75,134.26600000000002,133.44900000000004,133.84450000000004,135.67840000000004,138.40165000000007,134.14567577860385,134.14567577860385,134.14567577860385,134.14567577860385,134.14567577860385,-0.4733093661068324,-0.7427703689393808,1.6617276923966726,12.98855055304305,1333.3333333333335,0.9179143781506274,48.36212204798656,-36.98956235121783,63.01043764878217,0.007147765323559612,-243937.92000003814,-823290.4800000312,2019-12-16,16,0,350,51,0,0,0,0,0,0,0,2019,12,209.27,207.19,206.51,204.07,204.75900000000024,204.13400000000001,199.00300000000004,3191.45,3168.8,3135.96,28235.8906,28135.3809,27909.5996,134.22
2019-12-17,134.28,134.69,133.46,134.22,2907186.0,1.0644247272591822,135.9688494545184,131.71115054548167,134.13,134.21,135.32,133.91,134.94,134.32800000000003,133.65900000000005,133.84000000000003,135.53720000000004,138.38335000000006,134.17045051906922,134.17045051906922,134.17045051906922,134.17045051906922,134.17045051906922,-0.4167939349077301,-0.6775750821330506,1.6308900000826239,12.187886820801927,1333.3333333333333,1.5894641235240647,48.801639226391245,-29.675363473411764,70.32463652658824,0.007144890565533769,261646.74000000992,-261646.74000000992,2019-12-17,17,1,351,51,0,0,0,0,0,0,0,2019,12,209.39,209.27,207.19,203.9,205.55700000000024,204.45000000000002,199.42600000000002,3192.52,3191.45,3132.52,28267.1602,28235.8906,27881.7207,134.41
2019-12-18,134.55,135.0,134.1504,134.41,3101819.0,1.0610048613414822,135.956509722683,131.71249027731704,134.22,134.13,134.21,133.76,134.28,134.45800000000003,133.90100000000007,133.83450000000002,135.45780000000005,138.37050000000008,134.25030034604615,134.25030034604615,134.25030034604615,134.25030034604615,134.25030034604615,-0.352608979581845,-0.6125818616228095,1.5750835715052942,11.436811834281254,1333.3333333333333,1.8334722327448953,49.773570481867246,-25.15186868890069,74.84813131109931,0.007092457389039252,589345.609999993,-341200.09000004234,2019-12-18,18,2,352,51,0,0,0,0,0,0,0,2019,12,209.55,209.39,209.27,204.98,206.2690000000003,204.75900000000001,199.9086,3191.1399,3192.52,3141.6299,28239.2793,28267.1602,27911.3008,134.56
2019-12-19,134.46,134.725,134.19,134.56,3866494.0,1.0617804064775942,136.02606081295522,131.77893918704484,134.41,134.22,134.13,135.32,134.55,134.30600000000004,134.16600000000005,133.90250000000003,135.35560000000004,138.36650000000006,134.35353356403078,134.35353356403078,134.35353356403078,134.35353356403078,134.35353356403078,-0.28633747350511385,-0.5473329839992704,1.5007918878263442,10.739385061083485,1333.3333333333335,2.008945493139266,50.57134584304265,-22.13460996902289,77.86539003097711,0.004033507520931182,579974.100000022,5258431.840000053,2019-12-19,19,3,353,51,0,0,0,0,0,0,0,2019,12,210.86,209.55,209.39,206.51,207.0720000000003,205.1945,200.38120000000004,3205.3701,3191.1399,3168.5701,28376.9609,28239.2793,28132.0508,135.59
2019-12-20,135.74,136.42,134.95,135.59,7111779.0,1.1264943291845637,136.24298865836917,131.7370113416309,134.56,134.41,134.22,134.21,134.46,134.58200000000005,134.40300000000005,133.99000000000004,135.24480000000005,138.36900000000006,134.7656890426872,134.7656890426872,134.7656890426872,134.7656890426872,134.7656890426872,-0.14898700608310378,-0.4676637884160372,1.5264496101244613,11.334975406013134,1333.3333333333335,1.7790121603362894,55.76684072358047,-14.482638283021897,85.5173617169781,0.0032244975136282387,7325132.3700000085,12445613.25,2019-12-20,20,4,354,51,0,0,0,0,0,0,0,2019,12,211.71,210.86,209.55,207.19,207.7430000000003,205.69500000000002,200.8418,3221.22,3205.3701,3168.8,28455.0898,28376.9609,28135.3809,135.55
2019-12-23,135.78,136.15,135.0,135.55,2803158.0,1.1776134429656429,136.4057268859313,131.69527311406875,135.59,134.56,134.41,134.13,135.74,134.86600000000004,134.56600000000003,134.05050000000003,135.10060000000004,138.35820000000007,135.02712602845816,135.02712602845816,135.02712602845816,135.02712602845816,135.02712602845816,-0.042869266580567,-0.38270488404894315,1.4995603522584289,11.888023583447808,1333.3333333333335,1.2171445639187755,55.52276383297412,-18.14919893190872,81.85080106809127,0.0031649403600111634,-112126.3199999777,3391821.1800000225,2019-12-23,23,0,357,52,0,0,0,0,0,0,0,2019,12,211.81,211.71,210.86,209.27,208.51700000000028,206.19400000000005,201.2558,3224.01,3221.22,3191.45,28551.5293,28455.0898,28235.8906,134.98
2019-12-24,135.61,135.62,134.61,134.98,1202087.0,1.1116412711798005,136.22428254235965,131.77771745764042,135.55,135.59,134.56,134.22,135.78,135.01800000000006,134.67300000000003,134.00100000000003,134.95940000000004,138.34170000000006,135.01141735230544,135.01141735230544,135.01141735230544,135.01141735230544,135.01141735230544,-0.004710134302712277,-0.307105934099697,1.4645917556685404,12.017933195142879,1333.3333333333333,0.7990441341199263,52.02823022689016,-30.040053404539353,69.95994659546065,0.004276255567135587,-685189.5900000259,-1190066.1300000108,2019-12-24,24,1,358,52,0,0,0,0,0,0,0,2019,12,211.92,211.81,211.71,209.39,209.31900000000027,206.57900000000004,201.67239999999998,3223.3799,3224.01,3192.52,28515.4492,28551.5293,28267.1602,134.91
2019-12-26,134.98,135.3055,134.65,134.91,2129654.0,1.103056041903455,136.19811208380693,131.7858879161931,134.98,135.55,135.59,134.41,135.61,135.11800000000005,134.78800000000004,133.99200000000002,134.79760000000005,138.32345000000007,134.97761156820366,134.97761156820366,134.97761156820366,134.97761156820366,134.97761156820366,0.019656252915581263,-0.24175349669664137,1.4067994874065008,12.138563548859732,1333.3333333333335,0.8597488038277555,51.598728403785486,-40.59139784946213,59.408602150537874,0.004331900187864631,-149075.77999998548,-383337.7200000145,2019-12-26,26,3,360,52,0,0,0,0,0,0,0,2019,12,213.79,211.92,211.81,209.55,210.20000000000027,207.03800000000007,202.0778,3239.9099,3223.3799,3191.1399,28621.3906,28515.4492,28239.2793,135.27
2019-12-27,135.0,135.75,134.87,135.27,2752185.0,1.1376203233068396,136.3422406466137,131.79175935338637,134.91,134.98,135.55,134.56,134.98,135.26000000000005,134.78300000000004,134.06700000000004,134.66080000000005,138.30585000000008,135.07507437880247,135.07507437880247,135.07507437880247,135.07507437880247,135.07507437880247,0.06724067306760162,-0.1799546627437928,1.3691709525917504,12.597387145593695,1333.3333333333335,-0.03694945314808081,53.71492529205951,-36.392405063290454,63.607594936709546,0.004419409885541741,990786.6000000376,4128277.5,2019-12-27,27,4,361,52,0,0,0,0,0,0,0,2019,12,213.61,213.79,211.92,210.86,210.9100000000003,207.41650000000004,202.48919999999998,3240.02,3239.9099,3205.3701,28645.2598,28621.3906,28376.9609,132.81
2019-12-30,135.2,135.3,132.5,132.81,4118929.0,1.1672797887669966,136.31955957753402,131.65044042246606,135.27,134.91,134.98,135.59,135.0,134.704,134.64300000000003,133.98500000000004,134.63180000000006,138.27275000000006,134.32004958586833,134.32004958586833,134.32004958586833,134.32004958586833,134.32004958586833,-0.09248367778843658,-0.16246046575272158,1.4713730274066261,12.43964554012872,1333.3333333333335,-1.0431413456523402,40.639292213674445,-92.0918367346938,7.908163265306206,0.008239208935059519,-10132565.340000033,-6755043.559999944,2019-12-30,30,0,364,1,0,0,0,0,0,0,0,2019,12,212.21,213.61,213.79,211.71,211.41200000000032,207.77200000000002,202.86239999999998,3221.29,3240.02,3221.22,28462.1406,28645.2598,28455.0898,134.04
2019-12-31,132.53,134.12,132.4,134.04,3777504.0,1.1395256399973115,136.32055127999467,131.7624487200054,132.81,135.27,134.91,135.55,135.2,134.402,134.63400000000001,134.04150000000004,134.63080000000005,138.24190000000007,134.22669972391222,134.22669972391222,134.22669972391222,134.22669972391222,134.22669972391222,-0.11845023554985801,-0.15365841971214889,1.4891320968775814,12.363413135431676,1333.3333333333335,-0.06709908297920184,47.518363440090084,-59.203980099502644,40.79601990049736,0.010215908780655024,4646329.919999962,4268579.519999983,2019-12-31,31,1,365,1,1,0,1,0,1,0,0,2019,12,212.61,212.21,213.61,211.81,211.74600000000032,208.2525,203.28079999999997,3230.78,3221.29,3224.01,28538.4395,28462.1406,28551.5293,135.42
2020-01-02,135.0,135.92,134.7701,135.42,3148461.0,1.0842279571928723,136.3749559143858,132.03804408561433,134.04,132.81,135.27,134.98,132.53,134.48999999999998,134.75400000000002,134.20650000000006,134.68760000000006,138.21655000000007,134.62446648260814,134.62446648260814,134.62446648260814,134.62446648260814,134.62446648260814,-0.027359074416494877,-0.12839855065301808,1.5170512328148966,12.06342602129352,1333.3333333333333,0.8940545373267685,53.96427550069283,-24.875621890547375,75.12437810945262,0.011482640172707203,4344876.179999986,10389921.299999947,2020-01-02,2,3,2,1,0,0,0,0,0,0,1,2020,1,216.16,212.61,212.21,211.92,212.42300000000031,208.99,203.7362,3257.8501,3230.78,3223.3799,28868.8008,28538.4395,28515.4492,134.34
2020-01-03,133.57,134.86,133.56,134.34,2373470.0,0.9504647062860668,136.2249294125722,132.42307058742793,135.42,134.04,132.81,134.91,135.0,134.376,134.747,134.32400000000007,134.69520000000006,138.19025000000008,134.52964432173877,134.52964432173877,134.52964432173877,134.52964432173877,134.52964432173877,-0.04183341740980495,-0.11108552400437546,1.5415475733281172,11.489245158218372,1333.3333333333335,-0.05207945837362784,48.90213516191574,-51.74129353233815,48.25870646766185,0.012146191342559459,-2563347.5999999624,5577654.499999987,2020-01-03,3,4,3,1,0,0,0,0,0,0,1,2020,1,214.18,216.16,212.61,213.79,212.88600000000028,209.57750000000001,204.1828,3234.8501,3257.8501,3239.9099,28634.8809,28868.8008,28621.3906,134.1
2020-01-06,133.42,134.24,133.2,134.1,2421128.0,0.7659618995613656,135.9654237991228,132.90157620087734,134.34,135.42,134.04,135.27,133.57,134.142,134.701,134.43350000000007,134.68960000000007,138.15355000000008,134.38642954782586,134.38642954782586,134.38642954782586,134.38642954782586,134.38642954782586,-0.07184227967056245,-0.10323687513761287,1.5128656038046813,11.19494774041007,1333.3333333333333,-0.3418549346016706,47.82842737909485,-57.71144278606974,42.288557213930254,0.01199174723021726,-581070.720000022,5302270.319999995,2020-01-06,6,0,6,2,0,0,0,0,0,0,1,2020,1,215.56,214.18,216.16,213.61,213.35600000000028,210.21400000000003,204.6496,3246.28,3234.8501,3240.02,28703.3809,28634.8809,28645.2598,134.19
2020-01-07,133.69,134.96,133.4,134.19,3267592.0,0.7140293374487786,135.91005867489764,133.05394132510253,134.1,134.34,135.42,132.81,133.42,134.41800000000003,134.561,134.48200000000008,134.69200000000006,138.12725000000006,134.3209530318839,134.3209530318839,134.3209530318839,134.3209530318839,134.3209530318839,-0.08735529392419039,-0.10006055889492839,1.5162323463900613,10.404334733268161,1333.3333333333335,-1.0325245224574124,48.28696425084107,-55.472636815920396,44.527363184079604,0.007699121551833911,294083.28000001115,3169564.2399999965,2020-01-07,7,1,7,2,0,0,0,0,0,0,1,2020,1,215.53,215.56,214.18,212.21,213.73800000000028,210.74050000000003,205.0784,3237.1799,3246.28,3221.29,28583.6797,28703.3809,28462.1406,135.31
2020-01-08,134.51,135.86,133.92,135.31,4345952.0,0.724025842807644,135.9995516856154,133.1034483143848,134.19,134.1,134.34,134.04,133.69,134.67200000000003,134.537,134.5515000000001,134.6894000000001,138.10790000000006,134.65063535458927,134.65063535458927,134.65063535458927,134.65063535458927,134.65063535458927,-0.009169133650800632,-0.08188227384610285,1.546501464505059,10.283007631898297,1333.3333333333333,-0.1770564367392173,53.73627001334582,-27.611940298507218,72.38805970149278,0.007494303552760365,4867466.24000002,6040873.2800000645,2020-01-08,8,2,8,2,0,0,0,0,0,0,1,2020,1,217.15,215.53,215.56,212.61,214.2720000000003,211.39450000000002,205.5086,3253.05,3237.1799,3230.78,28745.0898,28583.6797,28538.4395,136.74
2020-01-09,135.74,136.79,135.31,136.74,3730549.0,0.8564805586638226,136.4059611173277,132.98003888267243,135.31,134.19,134.1,135.42,134.51,134.93600000000004,134.71300000000002,134.69300000000007,134.70480000000006,138.09050000000008,135.34709023639286,135.34709023639286,135.34709023639286,135.34709023639286,135.34709023639286,0.16626639515197894,-0.0322525400464865,1.5417513598975539,10.739325937140185,1333.3333333333335,1.3038968736109198,59.59117750218555,-1.1389521640087268,98.86104783599127,0.007571234884495266,5334685.070000025,10557453.670000046,2020-01-09,9,3,9,2,0,0,0,0,0,0,1,2020,1,218.99,217.15,215.53,216.16,214.97900000000027,212.14900000000003,205.937,3274.7,3253.05,3257.8501,28956.9004,28745.0898,28868.8008,136.69
2020-01-10,137.0,137.87,136.31,136.69,3255398.0,0.9354395251772322,136.71037905035456,132.96862094964564,136.74,135.31,134.19,134.34,135.74,135.406,134.89100000000002,134.8395000000001,134.76220000000006,138.07775000000004,135.79472682426191,135.79472682426191,135.79472682426191,135.79472682426191,135.79472682426191,0.2978325058076905,0.033764469124348905,1.5430548341905859,11.74863983752346,1333.3333333333333,1.3193981172633615,59.30854939827381,-21.572212065813655,78.42778793418634,0.005575406650942607,-162769.900000037,9538316.140000023,2020-01-10,10,4,10,2,0,0,0,0,0,0,1,2020,1,218.43,218.99,217.15,214.18,215.44300000000027,212.82150000000007,206.38479999999998,3265.3501,3274.7,3234.8501,28823.7695,28956.9004,28634.8809,136.6
2020-01-13,135.48,136.64,135.07,136.6,3162843.0,1.0107958042529537,136.92509160850597,132.88190839149416,136.69,136.74,135.31,134.1,137.0,135.906,135.024,134.90350000000007,134.78920000000008,138.06115000000005,136.06315121617462,136.06315121617462,136.06315121617462,136.06315121617462,136.06315121617462,0.39033777762276145,0.10507913082403142,1.5485509174626872,11.718512857989639,1333.3333333333335,0.9832187476897937,58.76825142874412,-23.217550274223225,76.78244972577677,0.00532591154657834,-284655.87000001076,4048439.0400000038,2020-01-13,13,0,13,3,0,0,0,0,0,0,1,2020,1,220.95,218.43,218.99,215.56,216.17700000000022,213.54350000000005,206.864,3288.1299,3265.3501,3246.28,28907.0508,28823.7695,28703.3809,135.82
2020-01-14,136.28,137.139,135.55,135.82,3680958.0,1.0167512763185307,137.01750255263715,132.95049744736303,136.6,136.69,136.74,134.19,135.48,136.23200000000003,135.325,134.9840000000001,134.83100000000007,138.03475000000006,135.9821008107831,135.9821008107831,135.9821008107831,135.9821008107831,135.9821008107831,0.39614290194938917,0.16329188504910297,1.5514401376439237,11.974874725286213,1333.3333333333333,2.266395602740751,54.16297874013206,-37.47714808043897,62.52285191956103,0.00679799532196746,-2871147.2400000044,5926342.379999946,2020-01-14,14,1,14,3,0,0,0,0,0,0,1,2020,1,220.08,220.95,218.43,215.53,216.96400000000023,214.18800000000005,207.324,3283.1499,3288.1299,3237.1799,28939.6699,28907.0508,28583.6797,136.62
2020-01-15,136.0,138.055,135.71,136.62,4045591.0,1.0582770257160954,137.22505405143227,132.9919459485679,135.82,136.6,136.69,135.31,136.28,136.494,135.583,135.10850000000008,134.8528000000001,138.00135000000006,136.1947338738554,136.1947338738554,136.1947338738554,136.1947338738554,136.1947338738554,0.4599942910720074,0.22263236625368388,1.608122984955072,12.706029297877873,1333.3333333333335,1.924798567591773,57.814360846401,-25.375773651635757,74.62422634836425,0.006337260344895377,3236472.800000046,10073521.590000037,2020-01-15,15,2,15,3,0,0,0,0,0,0,1,2020,1,220.17,220.08,220.95,217.15,217.7200000000002,214.73300000000003,207.75,3289.29,3283.1499,3253.05,29030.2207,28939.6699,28745.0898,137.98
2020-01-16,137.32,138.19,137.01,137.98,4319896.0,1.2145663076959003,137.7256326153919,132.8673673846083,136.62,135.82,136.6,136.74,136.0,136.74200000000002,135.839,135.2965000000001,134.85900000000007,137.97625000000005,136.78982258257025,136.78982258257025,136.78982258257025,136.78982258257025,136.78982258257025,0.6132682364977313,0.30075954030249336,1.605399914601138,13.455924911983427,1333.3333333333333,1.8904150051691053,63.18363314574705,-3.6269430051814893,96.37305699481851,0.006131073258511021,5875058.559999936,16242808.95999996,2020-01-16,16,3,16,3,0,0,0,0,0,0,1,2020,1,222.28,220.17,220.08,218.99,218.33200000000025,215.3775,208.1936,3316.8101,3289.29,3274.7,29297.6406,29030.2207,28956.9004,138.31
2020-01-17,136.54,138.33,136.16,138.31,5622251.0,1.3681153960257373,138.22773079205157,132.7552692079486,137.98,136.62,135.82,136.69,137.32,137.06599999999997,136.236,135.4915000000001,134.86740000000006,137.94965000000005,137.2965483883802,137.2965483883802,137.2965483883802,137.2965483883802,137.2965483883802,0.7526906354894152,0.3911457593398777,1.6457284921296294,13.450865221825094,1333.3333333333335,2.955188328122673,64.36869822371925,-0.33726812816206087,99.66273187183793,0.006007863619088414,1855342.8300000704,21926778.900000032,2020-01-17,17,4,17,3,0,0,0,0,0,0,1,2020,1,223.38,222.28,220.17,218.43,219.25200000000027,216.06900000000002,208.657,3329.6201,3316.8101,3265.3501,29348.0996,29297.6406,28823.7695,139.17
2020-01-21,137.81,139.35,137.6,139.17,7130819.0,1.575538671459281,138.87307734291866,132.57092265708152,138.31,137.98,136.62,136.6,136.54,137.57999999999998,136.743,135.7220000000001,134.87520000000006,137.93160000000006,137.92103225892012,137.92103225892012,137.92103225892012,137.92103225892012,137.92103225892012,0.921951026317771,0.4973068127354564,1.6531764569775131,14.02388715697046,1333.3333333333333,3.780760626398205,67.32086581239068,-2.5899280575540593,97.41007194244594,0.005926777886408517,6132504.339999895,32873075.589999896,2020-01-21,21,1,21,4,0,0,0,0,0,0,1,2020,1,223.28,223.38,222.28,220.95,220.02400000000029,216.69,209.12740000000002,3320.79,3329.6201,3288.1299,29196.0391,29348.0996,28907.0508,143.89
2020-01-22,143.32,145.79,142.55,143.89,16464948.0,2.410704417690837,140.95840883538176,131.3155911646184,139.17,138.31,137.98,135.82,137.81,139.19399999999996,137.71300000000002,136.13700000000009,134.9992000000001,137.93465000000006,139.91068817261342,139.91068817261342,139.91068817261342,139.91068817261342,139.91068817261342,1.4205800957551844,0.681961469339402,2.0079495671934056,16.734266236503192,1333.3333333333333,7.2285565243311645,78.06340200867179,-15.091342335186697,84.9086576648133,0.012718273738134476,77714554.55999999,136659068.3999997,2020-01-22,22,2,22,4,0,0,0,0,0,0,1,2020,1,223.87,223.28,223.38,220.08,220.85800000000026,217.298,209.59620000000004,3321.75,3320.79,3283.1499,29186.2695,29196.0391,28939.6699,142.87
2020-01-23,144.2,144.4097,142.15,142.87,5654308.0,2.8351925582058177,142.1733851164117,130.83261488358843,143.89,139.17,138.31,136.62,143.32,140.44399999999996,138.469,136.50300000000007,135.10440000000008,137.93205000000006,140.89712544840896,140.89712544840896,140.89712544840896,140.89712544840896,140.89712544840896,1.71368742826877,0.8883066611252757,2.0259317409653037,18.976210585950394,1333.3333333333333,5.5871702017589255,72.5157230328466,-23.193010325655177,76.80698967434483,0.015263631399552733,-5767394.159999897,41389534.559999965,2020-01-23,23,3,23,4,0,0,0,0,0,0,1,2020,1,224.59,223.87,223.28,220.17,221.60200000000026,217.93699999999998,210.06340000000003,3325.54,3321.75,3289.29,29160.0898,29186.2695,29030.2207,140.56
2020-01-24,143.39,143.92,140.46,140.56,5579292.0,2.949673666160794,142.68134733232165,130.88265266767849,142.87,143.89,139.17,137.98,144.2,140.95999999999995,138.851,136.78200000000007,135.2062000000001,137.92430000000004,140.78475029893931,140.78475029893931,140.78475029893931,140.78475029893931,140.78475029893931,1.7395272195171003,1.0585507728036407,2.128365188039209,19.965080489190758,1333.3333333333335,2.7936229340353904,61.803630258519945,-41.54090548054002,58.45909451945999,0.018921269053680297,-12888164.520000013,31132449.36000007,2020-01-24,24,4,24,4,0,0,0,0,0,0,1,2020,1,222.7,224.59,223.87,222.28,221.97300000000024,218.47599999999997,210.49820000000008,3295.47,3325.54,3316.8101,28989.7305,29160.0898,29297.6406,138.62
2020-01-27,138.5,140.069,138.1,138.62,4165146.0,2.9423994415586323,142.85229888311733,131.0827011168828,140.56,142.87,143.89,138.31,143.39,141.02199999999993,139.044,136.96750000000006,135.2668000000001,137.90230000000005,140.06316686595954,140.06316686595954,140.06316686595954,140.06316686595954,140.06316686595954,1.5851905634351056,1.1638787309299339,2.152053388893552,19.60765012887862,1333.3333333333333,1.4119540566244837,54.51963703586695,-57.86924939467309,42.13075060532691,0.020549875115061116,-8080383.239999991,15452691.660000034,2020-01-27,27,0,27,5,0,0,0,0,0,0,1,2020,1,218.1,222.7,224.59,223.38,221.94000000000023,218.6915,210.82940000000005,3243.6299,3295.47,3329.6201,28535.8008,28989.7305,29348.0996,139.55
2020-01-28,139.5,140.47,138.75,139.55,3449000.0,2.9679733914966153,143.1174467829933,131.24555321700686,138.62,140.56,142.87,139.17,138.5,141.09799999999993,139.339,137.18150000000009,135.36820000000012,137.88115000000005,139.89211124397303,139.89211124397303,139.89211124397303,139.89211124397303,139.89211124397303,1.5203947153544846,1.2351819278148441,2.1304781468297262,19.421615494026813,1333.3333333333333,2.159590043923878,57.128153818319674,-52.56950294860976,47.43049705139024,0.02058449327036999,3207570.0000000237,14761720.000000004,2020-01-28,28,1,28,5,0,0,0,0,0,0,1,2020,1,221.45,218.1,222.7,223.28,221.99000000000024,219.08350000000002,211.22660000000008,3276.24,3243.6299,3320.79,28722.8496,28535.8008,29196.0391,137.69
2020-01-29,139.17,139.58,137.595,137.69,3053189.0,2.784603297835462,142.994706595671,131.85629340432916,139.55,138.62,140.56,143.89,139.5,139.85799999999992,139.526,137.42550000000008,135.4420000000001,137.84785000000005,139.1580741626487,139.1580741626487,139.1580741626487,139.1580741626487,139.1580741626487,1.3039262336348827,1.248930788978852,2.120086850627604,18.669504760179187,1333.3333333333335,1.3768222647621886,50.84686743896501,-75.55970149253727,24.44029850746273,0.00926362649262273,-5678931.540000042,14899562.319999985,2020-01-29,29,2,29,5,0,0,0,0,0,0,1,2020,1,221.81,221.45,218.1,223.87,222.16300000000024,219.56350000000003,211.63420000000005,3273.3999,3276.24,3321.75,28734.4492,28722.8496,29186.2695,136.77
2020-01-30,136.76,136.97,134.97,136.77,5007038.0,2.6746541340596592,142.9113082681194,132.21269173188074,137.69,139.55,138.62,142.87,139.17,138.63799999999992,139.54100000000003,137.56200000000007,135.4894000000001,137.81220000000005,138.3620494417658,138.3620494417658,138.3620494417658,138.3620494417658,138.3620494417658,1.0460785487134387,1.2083603409257693,2.162937789868489,17.82910324750385,1333.3333333333335,0.10979358805446177,48.03364841009402,-83.36414048059137,16.63585951940862,0.009283487675819092,-4606474.959999938,13669213.740000091,2020-01-30,30,3,30,5,0,0,0,0,0,0,1,2020,1,222.6,221.81,221.45,224.59,222.40600000000023,220.06300000000005,212.02800000000008,3283.6599,3273.3999,3325.54,28859.4395,28734.4492,29160.0898,143.73
2020-01-31,142.9,144.05,140.79,143.73,18987138.0,2.955146937303273,143.88779387460661,132.06720612539354,136.77,137.69,139.55,140.56,136.76,139.27199999999993,140.11600000000004,137.97750000000008,135.6778000000001,137.80515000000005,140.15136629451052,140.15136629451052,140.15136629451052,140.15136629451052,140.15136629451052,1.3873536839035978,1.244159009521335,2.5284422334493115,18.326083696938404,1333.3333333333335,4.16727061893028,64.17991328523689,-19.03881700554532,80.96118299445469,0.02708448212199255,132150480.47999962,157783116.78000003,2020-01-31,31,4,31,5,1,0,0,0,0,0,1,2020,1,219.07,222.6,221.81,222.7,222.0850000000002,220.20850000000004,212.34800000000007,3225.52,3283.6599,3295.47,28256.0293,28859.4395,28989.7305,146.27
2020-02-03,144.25,147.28,143.9,146.27,8886414.0,3.358750394198197,145.29150078839646,131.85649921160368,143.73,136.77,137.69,138.62,142.9,140.80199999999994,140.91200000000003,138.57400000000007,135.9128000000001,137.84095000000005,142.19091086300702,142.19091086300702,142.19091086300702,142.19091086300702,142.19091086300702,1.8415452720565213,1.3636362620283724,2.60141064534579,19.4705466152386,1333.3333333333333,5.755187622008537,68.07798082704629,-8.204711616571817,91.79528838342819,0.025290888917368574,22571491.56000018,106014919.02000006,2020-02-03,3,0,34,6,0,0,0,0,0,0,1,2020,2,222.38,219.07,222.6,218.1,221.9850000000002,220.61850000000004,212.72820000000004,3248.9199,3225.52,3243.6299,28399.8105,28256.0293,28535.8008,149.11
2020-02-04,147.78,149.38,146.88,149.11,5619700.0,3.9341186065657063,147.1927372131315,131.45626278686868,146.27,143.73,136.77,139.55,144.25,142.71399999999994,141.90600000000003,139.32450000000009,136.2310000000001,137.88485000000003,144.49727390867136,144.49727390867136,144.49727390867136,144.49727390867136,144.49727390867136,2.4029598180788128,1.5715009732384604,2.6377384563925186,20.91655275707591,1333.3333333333335,7.142343895954608,71.7763119863567,-1.8736988202635798,98.12630117973642,0.025383673406238483,15959948.000000019,84351697.0000001,2020-02-04,4,1,35,6,0,0,0,0,0,0,1,2020,2,227.47,222.38,219.07,221.45,222.40400000000017,221.21400000000003,213.23460000000003,3297.5901,3248.9199,3276.24,28807.6309,28399.8105,28722.8496,156.33
2020-02-05,150.21,157.44,150.15,156.33,14379714.0,5.293409283449125,151.01831856689833,129.84468143310184,149.11,146.27,143.73,137.69,147.78,146.44199999999995,143.15000000000003,140.43150000000009,136.6808000000001,137.97205000000005,148.44151593911425,148.44151593911425,148.44151593911425,148.44151593911425,148.44151593911425,3.391384777861731,1.9354777341631146,3.0443285666501945,23.34667880427323,1333.3333333333335,8.645493084995502,78.57279823374861,-4.939919893190856,95.06008010680914,0.023994232476086712,103821535.07999998,318366867.9600002,2020-02-05,5,2,36,6,0,0,0,0,0,0,1,2020,2,228.22,227.47,222.38,221.81,222.83900000000017,221.84850000000006,213.765,3334.6899,3297.5901,3273.3999,29290.8496,28807.6309,28734.4492,156.76
2020-02-06,156.82,158.75,155.42,156.76,8394374.0,6.281838818958066,154.0676776379162,128.94032236208395,156.33,149.11,146.27,136.77,150.21,150.43999999999997,144.53900000000004,141.50400000000008,137.12920000000008,138.05365000000006,151.21434395940952,151.21434395940952,151.21434395940952,151.21434395940952,151.21434395940952,4.161445532359949,2.3806712938024814,3.0647336690323246,25.739470561024596,1333.3333333333333,9.722125008749202,78.89870673892827,-8.368376787216185,91.63162321278382,0.02096792630625344,3609580.8199998187,180059322.2999999,2020-02-06,6,3,37,6,0,0,0,0,0,0,1,2020,2,230.19,228.22,227.47,222.6,223.39900000000017,222.50050000000005,214.3322,3345.78,3334.6899,3283.6599,29379.7695,29290.8496,28859.4395,153.41
2020-02-07,154.55,155.54,152.92,153.41,6414553.0,6.707933931664723,155.7533678633295,128.92163213667058,156.76,156.33,149.11,143.73,156.82,152.37599999999995,145.82400000000004,142.33750000000003,137.4780000000001,138.12095000000005,151.946229306273,151.946229306273,151.946229306273,151.946229306273,151.946229306273,4.450109137367292,2.794558862515444,3.120109835530016,27.064714763085487,1333.3333333333335,9.142003414911777,69.96973407458519,-22.455845248107668,77.54415475189234,0.02551110659867872,-21488752.549999963,106930598.50999992,2020-02-07,7,4,38,6,0,0,0,0,0,0,1,2020,2,229.2,230.19,228.22,219.07,224.04900000000015,223.01100000000005,214.83180000000004,3327.71,3345.78,3225.52,29102.5098,29379.7695,28256.0293,154.43
2020-02-10,152.97,154.44,151.58,154.43,5237553.0,7.0841932831963454,157.39288656639272,129.05611343360735,153.41,156.76,156.33,146.27,154.55,154.00799999999995,147.40500000000006,143.22450000000003,137.8648000000001,138.19995000000006,152.7741528708487,152.7741528708487,152.7741528708487,152.7741528708487,152.7741528708487,4.706924108385891,3.177031911689533,3.1015305615635853,27.840181719227257,1333.3333333333333,11.405280623286684,71.04423477663214,-18.166526492851105,81.8334735071489,0.02552353434334948,5342304.060000054,92914190.22000004,2020-02-10,10,0,41,7,0,0,0,0,0,0,1,2020,2,231.97,229.2,230.19,222.38,225.43600000000015,223.68800000000005,215.37900000000002,3352.0901,3327.71,3248.9199,29276.8203,29102.5098,28399.8105,153.48
2020-02-11,155.12,155.22,152.7304,153.48,3833574.0,7.256846694492613,158.58219338898525,129.5548066110148,154.43,153.41,156.76,149.11,152.97,154.88199999999995,148.79800000000006,144.06850000000003,138.25900000000007,138.27015000000006,153.0094352472325,153.0094352472325,153.0094352472325,153.0094352472325,153.0094352472325,4.778708782450252,3.497367285841677,3.0578212357376144,28.679694719371636,1333.3333333333333,9.98208527409529,68.58289562504872,-22.161480235492053,77.83851976450795,0.026015691441493932,-3641895.3000000655,64710729.11999998,2020-02-11,11,1,42,7,0,0,0,0,0,0,1,2020,2,232.01,231.97,229.2,227.47,226.4920000000002,224.24100000000007,215.8984,3357.75,3352.0901,3297.5901,29276.3398,29276.8203,28807.6309,155.31
2020-02-12,153.75,155.6,153.52,155.31,4437792.0,7.398133548402593,159.83926709680523,130.24673290319484,153.48,154.43,153.41,156.33,155.12,154.67799999999994,150.56000000000006,145.04300000000003,138.67620000000008,138.35145000000006,153.77629016482166,153.77629016482166,153.77629016482166,153.77629016482166,153.77629016482166,4.926475022444265,3.783188833162195,2.9908340046134994,29.51936793841207,1333.3333333333333,12.796862517248897,70.6894775187023,-14.465937762825893,85.5340622371741,0.01304592363134102,8121159.360000055,86492566.08000004,2020-02-12,12,2,43,7,0,0,0,0,0,0,1,2020,2,234.27,232.01,231.97,228.22,227.7380000000002,224.9505000000001,216.4818,3379.45,3357.75,3334.6899,29551.4199,29276.3398,29290.8496,154.31
2020-02-13,154.37,154.83,153.41,154.31,3819757.0,7.395584653590342,160.71866930718073,131.13633069281934,155.31,153.48,154.43,156.76,153.75,154.18799999999996,152.31400000000005,145.92750000000004,139.1042000000001,138.42165000000006,153.95419344321445,153.95419344321445,153.95419344321445,153.95419344321445,153.95419344321445,4.9063320478248045,4.007817476094717,2.91291728999825,30.25567740592,1333.3333333333333,12.824449806244054,68.00602939072242,-18.671152228763656,81.32884777123634,0.01299039207475785,-3819757.0,67571501.33,2020-02-13,13,3,44,7,0,0,0,0,0,0,1,2020,2,233.97,234.27,232.01,230.19,228.87500000000017,225.64050000000012,217.10119999999998,3373.9399,3379.45,3345.78,29423.3105,29551.4199,29379.7695,150.7
2020-02-14,154.42,154.56,149.77,150.7,6095081.0,7.221032347102084,161.0055646942042,132.12143530579587,154.31,155.31,153.48,153.41,154.37,153.646,153.01100000000005,146.56350000000003,139.47580000000008,138.47235000000006,152.8694622954763,152.8694622954763,152.8694622954763,152.8694622954763,152.8694622954763,4.546660691096463,4.115586119095067,3.046994626426946,29.605521372670335,1333.3333333333335,4.849370347178737,59.26033283930907,-33.851976450799036,66.14802354920096,0.01371436654820116,-22003242.410000082,77529430.32,2020-02-14,14,4,45,7,0,0,0,0,0,0,1,2020,2,234.64,233.97,234.27,229.2,230.43200000000016,226.25850000000014,217.76579999999998,3380.1599,3373.9399,3327.71,29398.0801,29423.3105,29102.5098,151.1
2020-02-18,149.79,151.38,149.64,151.1,3343038.0,7.015033555833755,161.23306711166754,133.17293288833253,150.7,154.31,155.31,154.43,154.42,152.97999999999996,153.49400000000006,147.20300000000003,139.8580000000001,138.52990000000005,152.27964153031752,152.27964153031752,152.27964153031752,152.27964153031752,152.27964153031752,4.244961927949191,4.141461280865892,2.9536378673964507,28.957581013952694,1333.3333333333333,3.3021125316195965,59.87605960828072,-32.16989066442391,67.8301093355761,0.01307822334661556,1337215.200000019,42757456.01999997,2020-02-18,18,1,49,8,0,0,0,0,0,0,1,2020,2,234.73,234.64,233.97,231.97,231.66700000000014,226.8260000000001,218.41179999999997,3370.29,3380.1599,3352.0901,29232.1895,29398.0801,29276.8203,150.86
2020-02-19,151.54,151.89,150.31,150.86,2732905.0,6.7940181700328655,161.37553634006576,134.19946365993428,151.1,150.7,154.31,153.48,149.79,152.45599999999996,153.66900000000004,147.78750000000002,140.2370000000001,138.58295000000007,151.80642768687835,151.80642768687835,151.80642768687835,151.80642768687835,151.80642768687835,3.9410673194668675,4.101382488586087,2.8555208768681317,28.475882142354283,1333.3333333333335,1.1736302058882704,59.296978949318266,-33.17914213624889,66.82085786375112,0.013074306620654919,-655897.1999999472,31947659.45000007,2020-02-19,19,2,50,8,0,0,0,0,0,0,1,2020,2,236.98,234.73,234.64,232.01,232.61800000000017,227.5110000000001,219.09479999999996,3386.1499,3370.29,3357.75,29348.0293,29232.1895,29276.3398,151.22
2020-02-20,150.81,151.62,149.51,151.22,2880483.0,6.770369188409764,161.69473837681954,134.6132616231805,150.86,151.1,150.7,155.31,151.54,151.63799999999998,153.15800000000007,148.15400000000002,140.5970000000001,138.63715000000005,151.61095179125226,151.61095179125226,151.61095179125226,151.61095179125226,151.61095179125226,3.686778753624992,4.018461741593868,2.802269385663266,27.727673013329923,1333.3333333333333,-3.268726412077025,59.923096601478456,-41.92650334075722,58.07349665924277,0.010779957846084345,1036973.8799999574,21113940.390000038,2020-02-20,20,3,51,8,0,0,0,0,0,0,1,2020,2,234.78,236.98,234.73,234.27,233.2740000000002,228.05650000000009,219.69039999999998,3373.23,3386.1499,3379.45,29219.9805,29348.0293,29551.4199,149.84
2020-02-21,151.04,151.04,148.84,149.84,3536740.0,6.662593832656109,161.82768766531225,135.1773123346878,151.22,150.86,151.1,154.31,150.81,150.74399999999997,152.46600000000007,148.50250000000003,140.9154000000001,138.69815000000006,151.02063452750153,151.02063452750153,151.02063452750153,151.02063452750153,151.02063452750153,3.335449777496706,3.881859348774436,2.7721072866873184,26.77876022309861,1333.3333333333335,-4.414391426384274,56.34504730033185,-60.0,40.0,0.010918490387466999,-4880701.199999984,24651077.799999997,2020-02-21,21,4,52,8,0,0,0,0,0,0,1,2020,2,230.27,234.78,236.98,233.97,233.2820000000002,228.3405000000001,220.21439999999998,3337.75,3373.23,3373.9399,28992.4102,29219.9805,29423.3105,146.43
2020-02-24,145.51,148.05,145.38,146.43,5447948.0,6.419141113231489,161.634282226463,135.95771777353704,149.84,151.22,150.86,150.7,151.04,149.88999999999996,151.76800000000006,148.79600000000002,141.1658000000001,138.74030000000005,149.49042301833435,149.49042301833435,149.49042301833435,149.49042301833435,149.49042301833435,2.7501584169689295,3.655519162413335,2.8926710519239394,25.00829678366508,1333.3333333333333,-4.549898963561691,48.61960313872075,-92.14659685863866,7.853403141361339,0.010662846520254213,-18577502.67999998,31979454.760000024,2020-02-24,24,0,55,9,0,0,0,0,0,0,1,2020,2,221.39,230.27,234.78,234.64,232.5010000000002,228.27500000000015,220.56419999999997,3225.8899,3337.75,3380.1599,27960.8008,28992.4102,29398.0801,141.71
2020-02-25,146.51,147.07,141.261,141.71,6210878.0,6.194586324916455,161.33967264983295,136.56132735016712,146.43,149.84,151.22,151.1,145.51,148.01199999999997,150.49600000000004,148.95050000000003,141.3248000000001,138.77215000000007,146.89694867888957,146.89694867888957,146.89694867888957,146.89694867888957,146.89694867888957,1.883731756532967,3.3011616812372617,3.100980262500801,24.4527853923142,1333.3333333333335,-8.236741565757947,40.36896361251179,-97.43267196523522,2.567328034764779,0.01454785489099972,-29315344.159999993,19191613.020000022,2020-02-25,25,1,56,9,0,0,0,0,0,0,1,2020,2,215.37,221.39,230.27,234.73,230.8410000000002,228.1385000000001,220.77200000000002,3128.21,3225.8899,3370.29,27081.3594,27960.8008,29232.1895,139.75
2020-02-26,142.9,144.06,139.6,139.75,5407690.0,6.178753472480033,161.3180069449601,136.60299305503995,141.71,146.43,149.84,150.86,146.51,145.78999999999996,149.12300000000005,148.96050000000002,141.4134000000001,138.79430000000005,144.51463245259305,144.51463245259305,144.51463245259305,144.51463245259305,144.51463245259305,1.0270871450058792,2.846346773990985,3.1980531008936017,24.310905804336688,1333.3333333333335,-8.945790982538435,37.5215184742862,-99.2167101827676,0.7832898172324054,0.013184074308363313,-10599072.400000043,1081537.9999999385,2020-02-26,26,2,57,9,0,0,0,0,0,0,1,2020,2,216.48,215.37,221.39,236.98,229.28800000000018,227.8900000000001,220.9714,3116.3899,3128.21,3386.1499,26957.5898,27081.3594,29348.0293,133.11
2020-02-27,137.24,138.69,133.01,133.11,8404903.0,6.682767528659447,162.09703505731892,135.36596494268116,139.75,141.71,146.43,151.22,142.9,142.16799999999995,146.90300000000008,148.73150000000004,141.3914000000001,138.80275000000006,140.7130883017287,140.7130883017287,140.7130883017287,140.7130883017287,140.7130883017287,-0.18546446966647068,2.2399845252594943,3.4510493079726308,25.35743797261363,1333.3333333333335,-14.293992659841601,29.842022596977568,-99.55732625055323,0.4426737494467584,0.015337079643638583,-55808555.91999988,-38494455.73999987,2020-02-27,27,3,58,9,0,0,0,0,0,0,1,2020,2,205.64,216.48,215.37,234.78,226.42500000000018,227.0815000000001,220.94039999999998,2978.76,3116.3899,3373.23,25766.6406,26957.5898,29219.9805,130.15
2020-02-28,129.98,131.09,126.36,130.15,13009236.0,7.428719855009365,163.25793971001875,133.5430602899813,133.11,139.75,141.71,149.84,137.24,138.22999999999996,144.48700000000008,148.40050000000002,141.3118000000001,138.78695000000008,137.19205886781916,137.19205886781916,137.19205886781916,137.19205886781916,137.19205886781916,-1.369481096892173,1.5180914008291608,3.6866886431174435,27.14795500847966,1333.3333333333335,-15.656794763787179,27.172183101468555,-87.03830369357043,12.961696306429571,0.01284272509577583,-38507338.56000011,-86121142.32000005,2020-02-28,28,4,59,9,0,0,0,0,0,0,1,2020,2,205.8,205.64,216.48,230.27,223.60800000000023,226.2415000000001,220.87099999999995,2954.22,2978.76,3337.75,25409.3594,25766.6406,28992.4102,134.3
2020-03-02,130.75,134.44,127.95,134.3,8528971.0,8.016745566230973,163.962491132462,131.89550886753807,130.15,133.11,139.75,146.43,129.98,135.80399999999995,142.84700000000007,147.92900000000003,141.3134000000001,138.78645000000006,136.22803924521278,136.22803924521278,136.22803924521278,136.22803924521278,136.22803924521278,-1.950468698315234,0.824379381000282,3.886925168609054,27.817141822157996,1333.3333333333335,-10.882548108825468,35.83916649961413,-72.84541723666206,27.154582763337938,0.029959342174500164,35395229.65000005,-80428196.52999982,2020-03-02,2,0,62,10,0,0,0,0,0,0,1,2020,3,216.42,205.8,205.64,221.39,221.78600000000023,226.1090000000001,221.01159999999996,3090.23,2954.22,3225.8899,26703.3203,25409.3594,27960.8008,128.9
2020-03-03,134.48,136.095,127.8,128.9,7893390.0,9.076750795301134,165.21400159060232,128.90699840939777,134.3,130.15,133.11,141.71,130.75,133.24199999999993,140.6270000000001,147.06050000000005,141.2032000000001,138.75155000000007,133.78535949680855,133.78535949680855,133.78535949680855,133.78535949680855,133.78535949680855,-2.8142000817855717,0.09666348844311123,4.201787656565551,27.981347173987995,1333.3333333333333,-14.692256783587021,30.716735899478753,-91.31326949384403,8.686730506155973,0.03117494777548182,-42624306.000000045,-137108184.30000004,2020-03-03,3,1,63,10,0,0,0,0,0,0,1,2020,3,209.48,216.42,205.8,215.37,219.26100000000025,225.46400000000008,221.01019999999997,3003.3701,3090.23,3128.21,25917.4102,26703.3203,27081.3594,134.22
2020-03-04,131.58,134.28,129.0,134.22,4994682.0,9.500562531821597,165.31712506364323,127.31487493635683,128.9,134.3,130.15,139.75,134.48,132.13599999999994,138.9630000000001,146.31600000000003,141.1964000000001,138.75105000000008,133.93023966453904,133.93023966453904,133.93023966453904,133.93023966453904,133.93023966453904,-3.0344545835724546,-0.5295601259600019,4.285945681096583,28.133823572115855,1333.3333333333335,-11.030094127005178,39.83960452248917,-72.39199157007378,27.608008429926223,0.04128566476304932,26571708.239999965,-74370814.98000008,2020-03-04,4,2,64,10,0,0,0,0,0,0,1,2020,3,218.22,209.48,216.42,216.48,217.38500000000022,225.00150000000008,221.15739999999994,3130.1201,3003.3701,3116.3899,27090.8594,25917.4102,26957.5898,129.55
2020-03-05,130.5,132.29,128.45,129.55,5445193.0,9.893946102222506,164.76489220444503,125.18910779555502,134.22,128.9,134.3,133.11,131.58,131.42399999999995,136.7960000000001,144.97700000000003,141.0756000000001,138.72320000000008,132.47015977635937,132.47015977635937,132.47015977635937,132.47015977635937,132.47015977635937,-3.544973585444552,-1.1326428178569121,4.391949561018256,28.364009684587995,1333.3333333333333,-14.330115064144946,35.429417343385516,-88.68794326241131,11.312056737588694,0.03849017877783762,-25429051.30999993,-145822268.54,2020-03-05,5,3,65,10,0,0,0,0,0,0,1,2020,3,211.59,218.22,209.48,205.64,215.0660000000002,224.17000000000007,221.15499999999997,3023.9399,3130.1201,2978.76,26121.2793,27090.8594,25766.6406,127.73
2020-03-06,126.7,128.33,124.52,127.73,8192525.0,10.199061089397537,163.9236221787951,123.12737782120497,129.55,134.22,128.9,130.15,130.5,130.93999999999997,134.5850000000001,143.52550000000005,140.91920000000007,138.67960000000005,130.89010651757292,130.89010651757292,130.89010651757292,130.89010651757292,130.89010651757292,-4.04973948622245,-1.7160621515300196,4.437524592374096,29.166967725856093,1333.3333333333335,-14.755739455419112,33.85643993960611,-88.27183047131894,11.72816952868107,0.03773032225847831,-14910395.500000061,-237829000.74999988,2020-03-06,6,4,66,10,0,0,0,0,0,0,1,2020,3,208.02,211.59,218.22,205.8,212.8410000000002,223.0615000000001,221.0792,2972.3701,3023.9399,2954.22,25864.7793,26121.2793,25409.3594,117.81
2020-03-09,120.16,122.41,117.28,117.81,10750357.0,11.41700415815673,164.5795083163135,118.91149168368659,127.73,129.55,134.22,134.3,126.7,127.64199999999997,131.7230000000001,141.74550000000005,140.5758000000001,138.58690000000007,126.53007101171528,126.53007101171528,126.53007101171528,126.53007101171528,126.53007101171528,-5.190399499809445,-2.410929621185905,4.866987121490232,30.74306434113686,1333.3333333333335,-19.545175169022745,26.85728574791816,-98.4686506789945,1.5313493210054936,0.043625116055143555,-106643541.44000001,-382712709.1999999,2020-03-09,9,0,69,11,0,0,0,0,0,0,1,2020,3,193.57,208.02,211.59,216.42,210.05900000000025,221.28000000000011,220.71219999999997,2746.5601,2972.3701,3090.23,23851.0195,25864.7793,26703.3203,124.77
2020-03-10,122.78,124.88,115.76,124.77,11403865.0,11.60738643006434,163.47727286012875,117.0477271398714,117.81,127.73,129.55,128.9,120.16,126.81599999999996,130.02900000000008,140.26250000000007,140.3730000000001,138.54880000000009,125.94338067447686,125.94338067447686,125.94338067447686,125.94338067447686,125.94338067447686,-5.469715470570634,-3.022686791062851,5.170773755669501,31.492998397011867,1333.3333333333333,-11.95399054406888,36.73880879648688,-74.87451199107643,25.12548800892357,0.055893739510029294,79370900.39999993,-338238635.9000001,2020-03-10,10,1,70,11,0,0,0,0,0,0,1,2020,3,204.11,193.57,208.02,209.48,208.93300000000028,219.88700000000009,220.51859999999996,2882.23,2746.5601,3003.3701,25018.1602,23851.0195,25917.4102,117.97
2020-03-11,121.01,122.58,116.3838,117.97,8446480.0,12.180878500856627,162.8487570017133,114.1252429982868,124.77,117.81,127.73,134.22,122.78,123.56599999999996,127.85100000000008,138.48700000000005,140.0270000000001,138.47725000000008,123.28558711631791,123.28558711631791,123.28558711631791,123.28558711631791,123.28558711631791,-6.168669972214644,-3.65188342729321,5.400447058835965,32.189365734610085,1333.3333333333333,-15.584973166368515,32.16644997473064,-93.7358276643991,6.264172335600891,0.05226577475395235,-57436063.99999998,-299934504.79999995,2020-03-11,11,2,71,11,0,0,0,0,0,0,1,2020,3,195.22,204.11,193.57,218.22,206.80700000000024,218.04750000000007,220.15079999999995,2741.3799,2882.23,3130.1201,23553.2207,25018.1602,27090.8594,102.81
2020-03-12,109.65,109.8,102.28,102.81,12485925.0,13.900255052563436,163.66251010512693,108.06148989487318,117.97,124.77,117.81,129.55,121.01,118.21799999999999,124.8210000000001,135.86200000000005,139.4270000000001,138.3390000000001,116.46039141087861,116.46039141087861,116.46039141087861,116.46039141087861,116.46039141087861,-7.855330394047257,-4.492572820644019,6.135415126061967,34.11325374840187,1333.3333333333335,-22.763128239801674,24.76615812671759,-98.842036268298,1.1579637317019904,0.07053966973052897,-189286622.99999997,-655511062.5,2020-03-12,12,3,72,11,0,0,0,0,0,0,1,2020,3,177.32,195.22,204.11,211.59,203.97500000000028,215.20000000000005,219.45299999999995,2480.6399,2741.3799,3023.9399,21200.6191,23553.2207,26121.2793,107.95
2020-03-13,108.68,109.16,100.81,107.95,12493419.0,14.513901285537091,162.57180257107422,104.51619742892586,102.81,117.97,124.77,127.73,109.65,114.26199999999999,122.60100000000008,133.54400000000004,138.9052000000001,138.2303000000001,113.62359427391908,113.62359427391908,113.62359427391908,113.62359427391908,113.62359427391908,-8.6772400647817,-5.329506269471556,6.293599759914684,35.99616242706197,1333.3333333333335,-17.057241644256628,30.596272956397573,-84.56549935149157,15.434500648508434,0.08202044597118797,64216173.660000004,-579194904.84,2020-03-13,13,4,73,11,0,0,0,0,0,0,1,2020,3,192.34,177.32,195.22,208.02,202.6290000000003,213.11850000000004,219.04759999999996,2711.02,2480.6399,2972.3701,23185.6191,21200.6191,25864.7793,99.08
2020-03-16,98.0,107.41,95.0,99.08,10564044.0,15.832380244629224,162.6277604892585,99.29823951074161,107.95,102.81,117.97,117.81,108.68,110.51599999999999,119.0790000000001,130.96300000000005,138.1784000000001,138.07785000000013,108.77572951594607,108.77572951594607,108.77572951594607,108.77572951594607,108.77572951594607,-9.929878808920819,-6.249580777361408,6.769056919920778,38.09258476248332,1333.3333333333335,-26.224869694713338,26.74463290479444,-91.68365267019976,8.31634732980024,0.08269235794499334,-93703070.28000005,-545315951.2799999,2020-03-16,16,0,76,12,0,0,0,0,0,0,1,2020,3,169.3,192.34,177.32,193.57,197.9170000000003,209.85150000000004,218.11039999999994,2386.1299,2711.02,2746.5601,20188.5195,23185.6191,23851.0195,106.65
2020-03-17,100.61,107.395,97.1,106.65,8887501.0,15.976057900891288,160.69261580178264,96.78838419821747,99.08,107.95,102.81,124.77,98.0,106.89199999999998,116.85400000000008,128.74050000000005,137.62460000000007,137.97615000000013,108.06715301063072,108.06715301063072,108.06715301063072,108.06715301063072,108.06715301063072,-10.194255274455244,-7.038515676780175,7.020909997069294,40.03926264537456,1333.3333333333333,-17.26144297905353,34.34135166246776,-73.334859235523,26.665140764477012,0.08763706036005821,67278382.57000007,-395049419.4499999,2020-03-17,17,1,77,12,0,0,0,0,0,0,1,2020,3,182.14,169.3,192.34,204.11,195.18300000000028,207.22200000000007,217.46959999999993,2529.1899,2386.1299,2882.23,21237.3809,20188.5195,25018.1602,103.55
2020-03-18,99.41,106.9345,99.4,103.55,8751994.0,16.030942612729635,158.43688522545935,94.3131147745408,106.65,99.08,107.95,117.97,100.61,104.00799999999997,113.78700000000008,126.37500000000007,137.01360000000008,137.85255000000012,106.56143534042049,106.56143534042049,106.56143534042049,106.56143534042049,106.56143534042049,-10.532507430934274,-7.737314027610996,7.057594997278629,41.8468921080593,1333.3333333333333,-22.850543883176876,32.839478195341535,-79.19454921523301,20.805450784766997,0.08642638603682654,-27131181.400000073,-414056836.14000016,2020-03-18,18,2,78,12,0,0,0,0,0,0,1,2020,3,176.6,182.14,169.3,195.22,191.02100000000024,204.2030000000001,216.69039999999993,2398.1001,2529.1899,2741.3799,19898.9199,21237.3809,23553.2207,100.34
2020-03-19,102.33,103.69,98.235,100.34,8391294.0,15.91745116464777,155.66590232929562,91.99609767070454,103.55,106.65,99.08,102.81,99.41,103.51399999999998,110.86600000000007,123.83100000000009,136.3366000000001,137.69080000000014,104.48762356028033,104.48762356028033,104.48762356028033,104.48762356028033,104.48762356028033,-10.933559605600948,-8.376563143208987,6.943123926044442,43.59952892877844,1333.3333333333333,-22.547279042840607,31.31240314417319,-87.00571845723323,12.99428154276677,0.06489250707813106,-26936053.739999946,-426949038.71999997,2020-03-19,19,3,79,12,0,0,0,0,0,0,1,2020,3,177.66,176.6,182.14,177.32,187.62800000000027,201.3470000000001,215.9329999999999,2409.3899,2398.1001,2480.6399,20087.1895,19898.9199,21200.6191,95.39
2020-03-20,100.92,100.99,94.71,95.39,10543213.0,15.89127873195991,152.8910574639199,89.32594253608026,100.34,103.55,106.65,107.95,102.33,101.00199999999998,107.63200000000009,121.10850000000008,135.53820000000007,137.51030000000011,101.45508237352023,101.45508237352023,101.45508237352023,101.45508237352023,101.45508237352023,-11.518047097369973,-9.004859934041184,6.895757931326982,45.44044700849954,1333.3333333333335,-25.31903233382917,29.067696456984194,-98.35689259393499,1.6431074060650155,0.05953136871261952,-52188904.35000003,-574077947.85,2020-03-20,20,4,80,12,0,0,0,0,0,0,1,2020,3,170.7,177.66,176.6,192.34,183.89600000000027,198.3685000000001,215.00399999999993,2304.9199,2409.3899,2711.02,19173.9805,20087.1895,23185.6191,94.77
2020-03-23,94.6,97.74,90.56,94.77,9718602.0,15.756740403963445,150.03898080792698,87.01201919207318,95.39,100.34,103.55,99.08,100.92,100.14,105.32800000000009,118.52550000000008,134.6988000000001,137.3230500000001,99.22672158234681,99.22672158234681,99.22672158234681,99.22672158234681,99.22672158234681,-11.894177786392774,-9.582723504511502,6.916060936232197,47.37148111622394,1333.3333333333335,-19.55691367456074,28.789311570129183,-90.37053979871914,9.629460201280864,0.04951566791660579,-6025533.240000044,-502062979.3200001,2020-03-23,23,0,83,13,0,0,0,0,0,0,1,2020,3,170.46,170.7,177.66,169.3,181.5850000000003,195.8220000000001,214.03339999999992,2237.3999,2304.9199,2386.1299,18591.9297,19173.9805,20188.5195,105.48
2020-03-24,99.99,106.04,99.26,105.48,7967768.0,15.016229605961234,146.74645921192254,86.68154078807761,94.77,95.39,100.34,106.65,94.6,99.90599999999999,103.39900000000009,116.71400000000008,134.0746000000001,137.1839000000001,101.31114772156455,101.31114772156455,101.31114772156455,101.31114772156455,101.31114772156455,-11.1989619127053,-9.905971186150262,7.227056583644184,46.958079327834824,1333.3333333333333,-15.460447222890112,39.55786356820896,-64.24634555475676,35.75365444524324,0.06529064625705006,85334795.28000006,-288672234.64000005,2020-03-24,24,1,84,13,0,0,0,0,0,0,1,2020,3,183.66,170.46,170.7,182.14,179.54000000000028,194.23650000000012,213.3379999999999,2447.3301,2237.3999,2529.1899,20704.9102,18591.9297,21237.3809,105.85
2020-03-25,105.48,112.4779,102.83,105.85,8646557.0,14.168468661451232,143.35593732290255,86.6820626770976,105.48,94.77,95.39,103.55,99.99,100.366,102.18700000000008,115.01900000000008,133.4596000000001,137.0394500000001,102.82409848104304,102.82409848104304,102.82409848104304,102.82409848104304,102.82409848104304,-10.497137944286862,-10.024204537777583,7.399973970526743,45.25809280865493,1333.3333333333335,-10.27379842332797,39.89601585056767,-59.518136086841444,40.48186391315856,0.06333303330165453,3199226.0899999165,-293118282.3000001,2020-03-25,25,2,85,13,0,0,0,0,0,0,1,2020,3,182.3,183.66,170.46,176.6,178.24800000000027,192.52750000000012,212.56499999999988,2475.5601,2447.3301,2398.1001,21200.5508,20704.9102,19898.9199,112.89
2020-03-26,106.91,113.15,105.57,112.89,7153135.0,13.516014906301628,141.04002981260334,86.97597018739681,105.85,105.48,94.77,100.34,105.48,102.876,103.19500000000009,114.00800000000007,133.00100000000012,136.92415000000008,106.17939898736203,106.17939898736203,106.17939898736203,106.17939898736203,106.17939898736203,-9.266054915534085,-9.872574613328883,7.412832972631976,43.55267840783696,1333.3333333333335,9.804493726291215,46.077568876870025,-34.935897435897424,65.06410256410258,0.06412354925396715,50358070.40000004,-144636389.7000001,2020-03-26,26,3,86,13,0,0,0,0,0,0,1,2020,3,191.9,182.3,183.66,177.66,179.7060000000003,191.84050000000013,212.00139999999988,2630.0701,2475.5601,2409.3899,22552.1699,21200.5508,20087.1895,108.03
2020-03-27,108.58,111.5,107.645,108.03,6421470.0,13.021597686758291,138.94519537351664,86.85880462648349,112.89,105.85,105.48,95.39,106.91,105.404,103.20300000000009,112.90200000000007,132.42920000000012,136.7899500000001,106.7962659915747,106.7962659915747,106.7962659915747,106.7962659915747,106.7962659915747,-8.58362741533709,-9.614785173730525,7.257987760301121,41.96907932136313,1333.3333333333333,0.07410838351088309,42.80466161722169,-49.09673659673659,50.90326340326341,0.062328824539009134,-31208344.199999996,-142042916.40000004,2020-03-27,27,4,87,13,0,0,0,0,0,0,1,2020,3,185.3,191.9,182.3,170.7,179.0020000000003,190.81550000000013,211.30399999999986,2541.47,2630.0701,2304.9199,21636.7793,22552.1699,19173.9805,112.93
2020-03-30,108.09,113.46,107.81,112.93,5562501.0,12.010895612778093,135.85529122555624,87.81170877444386,108.03,112.89,105.85,94.77,108.58,109.03600000000002,104.58800000000011,111.83350000000004,131.92820000000012,136.6758000000001,108.84084399438314,108.84084399438314,108.84084399438314,108.84084399438314,108.84084399438314,-7.560259688227333,-9.203880076629886,7.143131491708183,40.0954026187323,1333.3333333333333,13.978603148970537,46.899941921227935,-30.137414116177364,69.86258588382263,0.05968262816930015,27256254.900000032,-118870646.37000002,2020-03-30,30,0,90,14,0,0,0,0,0,0,1,2020,3,192.04,185.3,191.9,170.46,181.2760000000003,189.59650000000013,210.69919999999988,2626.6499,2541.47,2237.3999,22327.4805,21636.7793,18591.9297,110.93
2020-03-31,112.0,113.81,110.17,110.93,6342167.0,11.319232585108804,133.57346517021764,88.29653482978242,112.93,108.03,112.89,105.48,108.09,110.12600000000002,105.0160000000001,110.93500000000003,131.38060000000013,136.55470000000008,109.53722932958877,109.53722932958877,109.53722932958877,109.53722932958877,109.53722932958877,-6.831863210426505,-8.72947670338921,6.8929078137290265,38.282284104271994,1333.3333333333333,4.013127051101736,45.46888821394586,-12.387096774193529,87.61290322580648,0.044898736041248236,-12684334.0,-113968740.99,2020-03-31,31,1,91,14,1,0,1,0,0,0,1,2020,3,190.4,192.04,185.3,183.66,182.10200000000032,188.64250000000013,210.0395999999999,2584.5901,2626.6499,2447.3301,21917.1602,22327.4805,20704.9102,105.14
2020-04-01,106.36,109.92,104.521,105.14,6111890.0,9.95644192417518,129.3938838483504,89.56811615164968,110.93,112.93,108.03,105.85,112.0,109.98400000000001,105.17500000000011,109.48100000000004,130.70000000000013,136.40565000000007,108.07148621972586,108.07148621972586,108.07148621972586,108.07148621972586,108.07148621972586,-6.645206560178835,-8.312622674747136,6.85834296989124,37.41194226573614,1333.3333333333333,1.535490101400293,41.519174734012125,-37.29032258064517,62.70967741935484,0.05331957055549812,-35387843.10000004,-177733761.2,2020-04-01,1,2,92,14,0,1,0,1,0,0,1,2020,4,182.31,190.4,192.04,182.3,182.67300000000031,186.84700000000015,209.22019999999986,2470.5,2584.5901,2475.5601,20943.5098,21917.1602,21200.5508,110.0
2020-04-02,105.37,110.32,105.14,110.0,6327540.0,8.771600271090161,126.04670054218036,90.9602994578197,105.14,110.93,112.93,112.89,106.36,109.40600000000002,106.14100000000012,108.50350000000003,130.0222000000001,136.27375000000006,108.7143241464839,108.7143241464839,108.7143241464839,108.7143241464839,108.7143241464839,-6.035544437504129,-7.857207027298535,6.738461329184722,36.513001243920186,1333.3333333333333,9.627267291209883,45.776903220742575,-16.38709677419356,83.61290322580645,0.047418256038231715,30751844.399999995,-123703407.00000007,2020-04-02,2,3,93,14,0,0,0,0,0,0,1,2020,4,186.01,182.31,190.4,191.9,183.50800000000032,185.56800000000013,208.46299999999985,2526.8999,2470.5,2630.0701,21413.4395,20943.5098,22552.1699,106.34
2020-04-03,108.92,110.07,104.92,106.34,4538113.0,7.518483469703851,122.47096693940775,92.39703306059234,110.0,105.14,110.93,108.03,105.37,109.06800000000003,107.2360000000001,107.43400000000004,129.29160000000013,136.12005000000008,107.92288276432262,107.92288276432262,107.92288276432262,107.92288276432262,107.92288276432262,-5.781073607060932,-7.441980343251014,6.624999805671528,35.71013023527356,1333.3333333333333,11.4791906908481,43.224640594532076,-32.12903225806451,67.87096774193549,0.04558548900247746,-16609493.579999985,-97070237.07000001,2020-04-03,3,4,94,14,0,0,0,0,0,0,1,2020,4,183.37,186.01,182.31,185.3,184.7750000000003,184.3355000000001,207.63859999999985,2488.6499,2526.8999,2541.47,21052.5293,21413.4395,21636.7793,114.82
2020-04-06,110.35,115.63,110.13,114.82,7026457.0,7.328634880421171,121.94176976084239,92.62723023915771,106.34,110.0,105.14,112.93,108.92,109.446,109.2410000000001,107.28450000000005,128.77680000000012,135.99990000000008,110.22192184288176,110.22192184288176,110.22192184288176,110.22192184288176,110.22192184288176,-4.839353456633219,-6.921454965927456,6.815356962409275,33.720494430158865,1333.3333333333333,21.15648411944708,50.15842255278334,-3.2309533306741227,96.76904666932587,0.05598431256898918,59584355.359999925,-21009106.430000063,2020-04-06,6,0,97,15,0,0,0,0,0,0,1,2020,4,196.48,183.37,186.01,192.04,187.3770000000003,184.4810000000001,207.11419999999984,2663.6799,2488.6499,2626.6499,22679.9902,21052.5293,22327.4805,114.94
2020-04-07,118.8,119.57,114.87,114.94,5592463.0,6.359830434680963,119.51266086936198,94.07333913063812,114.82,106.34,110.0,110.93,110.35,110.248,110.1870000000001,106.79300000000005,128.30320000000012,135.87860000000006,111.79461456192118,111.79461456192118,111.79461456192118,111.79461456192118,111.79461456192118,-4.036816547248179,-6.344527282191601,6.667831465094328,31.489815779385307,1333.3333333333333,8.968524838832,50.251012665015246,-15.960013788348835,84.03998621165117,0.05473365319766386,671095.5600000254,-54973911.28999999,2020-04-07,7,1,98,15,0,0,0,0,0,0,1,2020,4,196.4,196.48,183.37,190.4,188.65100000000027,184.0955000000001,206.68019999999981,2659.4099,2663.6799,2584.5901,22653.8594,22679.9902,21917.1602,119.29
2020-04-08,116.31,119.96,115.0742,119.29,5155987.0,6.487493961055868,119.8339879221118,93.88401207788833,114.94,114.82,106.34,105.14,118.8,113.078,111.5310000000001,106.85900000000007,127.8980000000001,135.77830000000006,114.29307637461413,114.29307637461413,114.29307637461413,114.29307637461413,114.29307637461413,-3.0150361590149117,-5.678629057556263,6.55012921758759,29.488971777171503,1333.3333333333335,12.69721303731697,53.614918641965716,-2.2789115646258082,97.7210884353742,0.043512289056752425,22428543.450000044,6805902.840000038,2020-04-08,8,2,99,15,0,0,0,0,0,0,1,2020,4,200.57,196.4,196.48,182.31,190.47800000000026,184.3630000000001,206.2625999999998,2749.98,2659.4099,2470.5,23433.5703,22653.8594,20943.5098,121.5
2020-04-09,120.48,122.92,120.1672,121.5,5576210.0,7.182444441685173,122.1583888833704,93.42861111662972,119.29,114.94,114.82,110.0,116.31,115.378,112.3920000000001,107.79350000000007,127.5742000000001,135.69400000000007,116.69538424974276,116.69538424974276,116.69538424974276,116.69538424974276,116.69538424974276,-2.0038402860798357,-4.943671303260977,6.3415485591884755,28.15786648371934,1333.3333333333335,7.626893436088227,55.269731213709406,-4.388133498145864,95.61186650185414,0.04208403427354936,12323424.099999964,104219364.89999999,2020-04-09,9,3,100,15,0,0,0,0,0,0,1,2020,4,200.86,200.57,196.4,186.01,191.37400000000025,185.54000000000013,205.8435999999998,2789.8201,2749.98,2526.8999,23719.3691,23433.5703,21413.4395,121.15
2020-04-13,121.63,121.8,118.04,121.15,5118777.0,7.779264797490389,124.01202959498086,92.8949704050193,121.5,119.29,114.94,106.34,120.48,118.33999999999999,113.70400000000011,108.45350000000008,127.2618000000001,135.60715000000008,118.18025616649518,118.18025616649518,118.18025616649518,118.18025616649518,118.18025616649518,-1.2166772484688266,-4.198272492302547,6.1571522335321545,26.479725231135692,1333.3333333333335,12.144774599648251,54.93547168174686,-7.480980557903619,92.51901944209638,0.03368157803561999,-1791571.9499999708,67567856.40000002,2020-04-13,13,0,104,16,0,0,0,0,0,0,1,2020,4,203.03,200.86,200.57,183.37,193.14700000000028,186.0745000000001,205.45219999999983,2761.6299,2789.8201,2488.6499,23390.7695,23719.3691,21052.5293,123.91
2020-04-14,123.46,125.18,122.62,123.91,5087292.0,8.175820255002227,126.04664051000454,93.34335948999562,121.15,121.5,119.29,114.82,121.63,120.15799999999999,114.8020000000001,109.69500000000008,126.8654000000001,135.53410000000008,120.09017077766346,120.09017077766346,120.09017077766346,120.09017077766346,120.09017077766346,-0.3659178628935962,-3.4318015664207575,6.005212788279858,25.515341366974436,1333.3333333333333,9.722837155760196,57.13690577583919,-5.6823266219239805,94.31767337807602,0.01664559350400774,14040925.919999953,126317460.35999998,2020-04-14,14,1,105,16,0,0,0,0,0,0,1,2020,4,211.86,203.03,200.86,196.48,195.12900000000027,188.20250000000013,205.30799999999985,2846.0601,2761.6299,2663.6799,23949.7598,23390.7695,22679.9902,118.69
2020-04-15,119.12,120.1852,116.76,118.69,5632156.0,8.380511917538177,127.05802383507643,93.53597616492371,123.91,121.15,121.5,114.94,123.46,120.90799999999999,115.57800000000012,110.29700000000007,126.31380000000009,135.43805000000006,119.62344718510899,119.62344718510899,119.62344718510899,119.62344718510899,119.62344718510899,-0.11160873900539059,-2.7677630009376846,6.086983303402724,23.895827673156557,1333.3333333333333,6.995402506084909,51.966328890550905,-31.41487971344212,68.58512028655788,0.031001450997517735,-29399854.319999993,67811158.23999995,2020-04-15,15,2,106,16,0,0,0,0,0,0,1,2020,4,209.43,211.86,203.03,196.4,197.03200000000024,189.56700000000012,205.04899999999986,2783.3601,2846.0601,2659.4099,23504.3496,23949.7598,22653.8594,115.73
2020-04-16,119.01,119.75,114.42,115.73,6438128.0,8.306638055764383,127.51927611152882,94.2927238884713,118.69,123.91,121.15,119.29,119.12,120.196,116.6370000000001,110.90600000000006,125.64620000000008,135.31730000000005,118.32563145673933,118.32563145673933,118.32563145673933,118.32563145673933,118.32563145673933,-0.1472171605857966,-2.2436538328673072,6.032913067445387,22.786162575826193,1333.3333333333335,10.072284572950355,49.24494487374756,-45.74277554576698,54.257224454233025,0.02785296711679551,-19056858.879999958,78416399.04000005,2020-04-16,16,3,107,16,0,0,0,0,0,0,1,2020,4,213.25,209.43,211.86,200.57,200.12600000000026,191.39950000000013,204.7645999999999,2799.55,2783.3601,2749.98,23537.6797,23504.3496,23433.5703,120.12
2020-04-17,119.3,120.39,117.92,120.12,4964018.0,8.158623142353543,128.21224628470713,95.57775371529297,115.73,118.69,123.91,121.5,119.01,119.92,117.64900000000011,111.89500000000005,124.92200000000008,135.21680000000003,118.92375430449289,118.92375430449289,118.92375430449289,118.92375430449289,118.92375430449289,0.17676162205732737,-1.7595707418823803,5.9348478483421445,21.628403366337547,1333.3333333333335,9.200000000000005,53.16253225173925,-24.49295706471756,75.50704293528244,0.0329614976789544,21792039.020000003,98188276.04,2020-04-17,17,4,108,16,0,0,0,0,0,0,1,2020,4,215.29,213.25,209.43,200.86,203.05400000000026,193.28100000000012,204.50599999999991,2874.5601,2799.55,2789.8201,24242.4902,23537.6797,23719.3691,120.41
2020-04-20,119.15,122.8635,118.14,120.41,7965530.0,7.375241940723702,127.89648388144745,98.39551611855264,120.12,115.73,118.69,121.15,119.3,119.772,119.05600000000013,113.14600000000004,124.19500000000008,135.11115000000004,119.41916953632861,119.41916953632861,119.41916953632861,119.41916953632861,119.41916953632861,0.45171067829272715,-1.3173144578473588,5.848323002031991,20.10162867764378,1333.3333333333333,13.231145382734619,53.418315875029435,-23.08921051357766,76.91078948642233,0.033004991455162426,2310003.6999999364,199297560.59999996,2020-04-20,20,0,111,17,0,0,0,0,0,0,1,2020,4,212.74,215.29,213.25,203.03,205.99100000000027,195.38300000000012,204.1569999999999,2823.1599,2874.5601,2761.6299,23650.4395,24242.4902,23390.7695,116.76
2020-04-21,114.0,117.145,112.06,116.76,14341304.0,6.003048764893017,126.2515975297861,102.23940247021403,120.41,120.12,115.73,123.91,119.15,118.34200000000001,119.25000000000014,114.24550000000006,123.46200000000007,134.98805000000002,118.53277969088575,118.53277969088575,118.53277969088575,118.53277969088575,118.53277969088575,0.3708108143370765,-0.9796894034104718,6.027014216172563,19.686433843915072,1333.3333333333335,1.689601114788375,49.736720753374925,-40.757055036545815,59.24294496345419,0.03205373487141621,-52345759.599999875,315365274.96000016,2020-04-21,21,1,112,17,0,0,0,0,0,0,1,2020,4,204.89,212.74,215.29,211.86,206.83200000000025,197.10450000000014,203.67079999999987,2736.5601,2823.1599,2846.0601,23018.8809,23650.4395,23949.7598,119.31
2020-04-22,119.87,120.33,117.55,119.31,7085901.0,5.730559906510409,126.39811981302087,103.47588018697924,116.76,120.41,120.12,118.69,114.0,118.46599999999998,119.68700000000013,114.93700000000005,122.75960000000008,134.88175000000004,118.79185312725717,118.79185312725717,118.79185312725717,118.79185312725717,118.79185312725717,0.5066207691941997,-0.6824273688895376,5.851513200731665,18.683385244282768,1333.3333333333335,3.8019836436401637,52.2145616009359,-28.973346495557763,71.02665350444224,0.029380843798213166,18069047.54999998,97998010.82999998,2020-04-22,22,2,113,17,0,0,0,0,0,0,1,2020,4,210.97,204.89,212.74,209.43,208.28900000000021,198.47000000000017,203.25079999999988,2799.3101,2736.5601,2783.3601,23475.8203,23018.8809,23504.3496,121.35
2020-04-23,119.57,123.03,119.12,121.35,6873899.0,5.479567405130417,126.6711348102609,104.75286518973923,119.31,116.76,120.41,115.73,119.87,119.58999999999999,119.89300000000011,115.71200000000006,122.1170000000001,134.79185,119.64456875150478,119.64456875150478,119.64456875150478,119.64456875150478,119.64456875150478,0.7699861666555279,-0.39194466178052445,5.712833686393688,17.433173768220982,1333.3333333333333,1.7268840640455931,54.16139441261683,-18.90424481737419,81.09575518262581,0.025755102391864286,14022753.959999945,106545434.5,2020-04-23,23,3,114,17,0,0,0,0,0,0,1,2020,4,210.52,210.97,204.89,213.25,209.2840000000002,199.88100000000017,202.82099999999988,2797.8,2799.3101,2799.55,23515.2598,23475.8203,23537.6797,124.72
